Name,Magazine,Package
1,Holiday Escapes - Issue 6,Secured content-based application
2,Holiday Escapes - Issue 9,Multi-tiered demand-driven hierarchy
3,Holiday Escapes - Issue 1,Managed bifurcated definition
4,Holiday Escapes - Issue 2,Robust modular data-warehouse
5,Holiday Escapes - Issue 2,Expanded systematic core
6,Holiday Escapes - Issue 3,Function-based empowering info-mediaries
7,Holiday Escapes - Issue 6,Vision-oriented upward-trending product
8,Holiday Escapes - Issue 4,Customer-focused non-volatile paradigm
9,Holiday Escapes - Issue 3,Integrated multi-state solution
10,Holiday Escapes - Issue 5,Sharable radical throughput
11,Holiday Escapes - Issue 10,Fully-configurable attitude-oriented policy
12,Holiday Escapes - Issue 10,Reverse-engineered stable core
13,Holiday Escapes - Issue 9,Synchronized 3rdgeneration process improvement
14,Holiday Escapes - Issue 12,Versatile exuding support
15,Holiday Escapes - Issue 1,Advanced cohesive parallelism
16,Holiday Escapes - Issue 9,Assimilated logistical installation
17,Holiday Escapes - Issue 2,Enhanced clear-thinking encryption
18,Holiday Escapes - Issue 2,Persevering methodical definition
19,Holiday Escapes - Issue 6,Quality-focused maximized functionalities
20,Holiday Escapes - Issue 8,Focused client-server Graphic Interface
21,Holiday Escapes - Issue 5,Automated 3rdgeneration intranet
22,Holiday Escapes - Issue 2,User-centric explicit application
23,Holiday Escapes - Issue 9,Persistent clear-thinking software
24,Holiday Escapes - Issue 11,Pre-emptive stable help-desk
25,Holiday Escapes - Issue 2,Realigned actuating collaboration
26,Holiday Escapes - Issue 9,Up-sized scalable frame
27,Holiday Escapes - Issue 7,Centralized discrete model
28,Holiday Escapes - Issue 7,Future-proofed heuristic support
29,Holiday Escapes - Issue 8,Horizontal attitude-oriented toolset
30,Holiday Escapes - Issue 4,Progressive encompassing hardware
31,Holiday Escapes - Issue 7,Centralized empowering data-warehouse
32,Holiday Escapes - Issue 3,Networked needs-based installation
33,Holiday Escapes - Issue 12,Optional grid-enabled knowledge user
34,Holiday Escapes - Issue 3,Cross-platform asynchronous instruction set
35,Holiday Escapes - Issue 11,Synergized cohesive service-desk
36,Holiday Escapes - Issue 9,Decentralized empowering function
37,Holiday Escapes - Issue 2,Universal directional parallelism
38,Holiday Escapes - Issue 1,Enterprise-wide 6thgeneration flexibility
39,Holiday Escapes - Issue 10,Triple-buffered zero administration array
40,Holiday Escapes - Issue 12,Robust uniform adapter
41,Holiday Escapes - Issue 8,Pre-emptive dedicated monitoring
42,Holiday Escapes - Issue 9,Future-proofed reciprocal website
43,Holiday Escapes - Issue 9,Configurable maximized open architecture
44,Holiday Escapes - Issue 11,Secured demand-driven toolset
45,Holiday Escapes - Issue 8,Organized human-resource alliance
46,Holiday Escapes - Issue 10,Vision-oriented fault-tolerant analyzer
47,Holiday Escapes - Issue 4,Adaptive multi-tasking throughput
48,Holiday Escapes - Issue 11,Business-focused intangible middleware
49,Holiday Escapes - Issue 8,Polarized non-volatile database
50,Holiday Escapes - Issue 7,Monitored optimal workforce
51,Holiday Escapes - Issue 6,Balanced exuding parallelism
52,Holiday Escapes - Issue 11,Reverse-engineered stable data-warehouse
53,Holiday Escapes - Issue 12,Optional bi-directional product
54,Holiday Escapes - Issue 12,Persevering modular portal
55,Holiday Escapes - Issue 8,Monitored holistic system engine
56,Holiday Escapes - Issue 8,Front-line responsive matrix
57,Holiday Escapes - Issue 7,Enhanced empowering forecast
58,Holiday Escapes - Issue 9,Operative regional firmware
59,Holiday Escapes - Issue 12,Front-line maximized benchmark
60,Holiday Escapes - Issue 11,Robust maximized Graphical User Interface
61,Holiday Escapes - Issue 10,Monitored asynchronous budgetary management
62,Holiday Escapes - Issue 8,User-friendly explicit artificial intelligence
63,Holiday Escapes - Issue 7,Polarized fault-tolerant throughput
64,Holiday Escapes - Issue 9,De-engineered hybrid project
65,Holiday Escapes - Issue 1,Front-line executive monitoring
66,Holiday Escapes - Issue 5,De-engineered static project
67,Holiday Escapes - Issue 1,Team-oriented hybrid capability
68,Holiday Escapes - Issue 2,Phased intermediate definition
69,Holiday Escapes - Issue 1,Managed composite database
70,Holiday Escapes - Issue 6,Fully-configurable impactful synergy
71,Holiday Escapes - Issue 11,Switchable asynchronous throughput
72,Holiday Escapes - Issue 12,Expanded high-level website
73,Holiday Escapes - Issue 3,Phased 24hour model
74,Holiday Escapes - Issue 2,Customizable context-sensitive process improvement
75,Holiday Escapes - Issue 2,Expanded radical knowledgebase
76,Holiday Escapes - Issue 5,Persistent even-keeled superstructure
77,Holiday Escapes - Issue 3,Secured object-oriented firmware
78,Holiday Escapes - Issue 11,Stand-alone fault-tolerant product
79,Holiday Escapes - Issue 12,Public-key disintermediate contingency
80,Holiday Escapes - Issue 12,Proactive neutral standardization
81,Holiday Escapes - Issue 6,Universal dedicated toolset
82,Holiday Escapes - Issue 2,Function-based web-enabled Local Area Network
83,Holiday Escapes - Issue 7,Profit-focused multi-tasking structure
84,Holiday Escapes - Issue 7,Seamless intangible help-desk
85,Holiday Escapes - Issue 12,Centralized didactic structure
86,Holiday Escapes - Issue 3,Robust client-server intranet
87,Holiday Escapes - Issue 3,Synergistic cohesive pricing structure
88,Holiday Escapes - Issue 9,Triple-buffered responsive info-mediaries
89,Holiday Escapes - Issue 3,Reverse-engineered holistic info-mediaries
90,Holiday Escapes - Issue 12,Future-proofed background success
91,Holiday Escapes - Issue 3,Programmable empowering functionalities
92,Holiday Escapes - Issue 6,Organic real-time open system
93,Holiday Escapes - Issue 3,Streamlined zero administration website
94,Holiday Escapes - Issue 5,Inverse 24/7 migration
95,Holiday Escapes - Issue 4,Operative neutral archive
96,Holiday Escapes - Issue 5,Monitored leadingedge flexibility
97,Holiday Escapes - Issue 10,Compatible zero administration instruction set
98,Holiday Escapes - Issue 9,Organic radical encryption
99,Holiday Escapes - Issue 9,Grass-roots global leverage
100,Holiday Escapes - Issue 9,Distributed heuristic open system
101,Holiday Escapes - Issue 7,Face-to-face exuding product
102,Holiday Escapes - Issue 3,Open-source dedicated firmware
103,Holiday Escapes - Issue 10,Seamless context-sensitive project
104,Holiday Escapes - Issue 12,Business-focused global architecture
105,Holiday Escapes - Issue 12,Integrated context-sensitive utilization
106,Holiday Escapes - Issue 12,Enterprise-wide demand-driven circuit
107,Holiday Escapes - Issue 12,Enhanced human-resource open system
108,Holiday Escapes - Issue 3,Organic asynchronous knowledgebase
109,Holiday Escapes - Issue 9,Focused mobile software
110,Holiday Escapes - Issue 8,Enterprise-wide 5thgeneration throughput
111,Holiday Escapes - Issue 6,Innovative client-driven extranet
112,Holiday Escapes - Issue 2,Open-source needs-based alliance
113,Holiday Escapes - Issue 8,Monitored mobile attitude
114,Holiday Escapes - Issue 7,Mandatory intermediate collaboration
115,Holiday Escapes - Issue 2,Multi-channeled eco-centric extranet
116,Holiday Escapes - Issue 12,Cross-group global complexity
117,Holiday Escapes - Issue 4,Programmable bottom-line access
118,Holiday Escapes - Issue 9,Grass-roots object-oriented ability
119,Holiday Escapes - Issue 8,Configurable modular knowledge user
120,Holiday Escapes - Issue 12,Down-sized upward-trending extranet
121,Holiday Escapes - Issue 1,Self-enabling 5thgeneration orchestration
122,Holiday Escapes - Issue 1,Ameliorated analyzing success
123,Holiday Escapes - Issue 9,Optional actuating challenge
124,Holiday Escapes - Issue 3,Multi-tiered national circuit
125,Holiday Escapes - Issue 8,Phased stable product
126,Holiday Escapes - Issue 11,Profound bi-directional toolset
127,Holiday Escapes - Issue 8,Streamlined human-resource utilization
128,Holiday Escapes - Issue 12,Vision-oriented client-server standardization
129,Holiday Escapes - Issue 6,Multi-lateral directional moderator
130,Holiday Escapes - Issue 3,Ergonomic human-resource capacity
131,Holiday Escapes - Issue 7,Reactive zero-defect intranet
132,Holiday Escapes - Issue 2,Team-oriented fault-tolerant pricing structure
133,Holiday Escapes - Issue 4,Reverse-engineered leadingedge help-desk
134,Holiday Escapes - Issue 12,Automated needs-based capability
135,Holiday Escapes - Issue 8,Centralized system-worthy system engine
136,Holiday Escapes - Issue 10,Focused mission-critical approach
137,Holiday Escapes - Issue 11,Monitored multi-tasking system engine
138,Holiday Escapes - Issue 1,Seamless high-level software
139,Holiday Escapes - Issue 2,Multi-channeled human-resource task-force
140,Holiday Escapes - Issue 9,Phased clear-thinking neural-net
141,Holiday Escapes - Issue 11,Implemented transitional installation
142,Holiday Escapes - Issue 3,Grass-roots asynchronous implementation
143,Holiday Escapes - Issue 6,Customer-focused intangible service-desk
144,Holiday Escapes - Issue 6,Face-to-face analyzing Local Area Network
145,Holiday Escapes - Issue 9,Reduced intermediate flexibility
146,Holiday Escapes - Issue 7,Inverse mobile emulation
147,Holiday Escapes - Issue 6,Decentralized grid-enabled interface
148,Holiday Escapes - Issue 7,Virtual actuating product
149,Holiday Escapes - Issue 8,Phased system-worthy open system
150,Holiday Escapes - Issue 7,Public-key web-enabled archive
151,Holiday Escapes - Issue 12,Cloned executive software
152,Holiday Escapes - Issue 2,Advanced heuristic archive
153,Holiday Escapes - Issue 3,Customer-focused zero-defect Internet solution
154,Holiday Escapes - Issue 5,Open-source systemic hierarchy
155,Holiday Escapes - Issue 2,Robust full-range encoding
156,Holiday Escapes - Issue 6,De-engineered full-range frame
157,Holiday Escapes - Issue 7,Progressive 24/7 project
158,Holiday Escapes - Issue 5,Object-based client-server capability
159,Holiday Escapes - Issue 7,Quality-focused 24/7 firmware
160,Holiday Escapes - Issue 1,Synergistic 6thgeneration analyzer
161,Holiday Escapes - Issue 3,Integrated tangible capacity
162,Holiday Escapes - Issue 1,Visionary systemic moderator
163,Holiday Escapes - Issue 6,Programmable dedicated access
164,Holiday Escapes - Issue 3,Horizontal fault-tolerant infrastructure
165,Holiday Escapes - Issue 11,Implemented national utilization
166,Holiday Escapes - Issue 10,Decentralized stable groupware
167,Holiday Escapes - Issue 10,Synergized transitional access
168,Holiday Escapes - Issue 6,Multi-channeled neutral superstructure
169,Holiday Escapes - Issue 3,Automated explicit instruction set
170,Holiday Escapes - Issue 6,Front-line context-sensitive customer loyalty
171,Holiday Escapes - Issue 12,Networked didactic middleware
172,Holiday Escapes - Issue 2,Assimilated value-added projection
173,Holiday Escapes - Issue 8,Persistent optimizing access
174,Holiday Escapes - Issue 1,Networked intangible info-mediaries
175,Holiday Escapes - Issue 6,Universal reciprocal Graphical User Interface
176,Holiday Escapes - Issue 3,Intuitive didactic forecast
177,Holiday Escapes - Issue 6,Enterprise-wide asynchronous service-desk
178,Holiday Escapes - Issue 10,Virtual tertiary data-warehouse
179,Holiday Escapes - Issue 1,Future-proofed object-oriented orchestration
180,Holiday Escapes - Issue 6,Optional fresh-thinking capacity
181,Holiday Escapes - Issue 11,Business-focused system-worthy artificial intelligence
182,Holiday Escapes - Issue 8,Synergized executive complexity
183,Holiday Escapes - Issue 10,De-engineered multi-tasking software
184,Holiday Escapes - Issue 6,Proactive 4thgeneration hardware
185,Holiday Escapes - Issue 11,Intuitive even-keeled initiative
186,Holiday Escapes - Issue 3,Persistent upward-trending hardware
187,Holiday Escapes - Issue 9,Stand-alone non-volatile infrastructure
188,Holiday Escapes - Issue 5,Seamless multimedia parallelism
189,Holiday Escapes - Issue 8,Mandatory demand-driven Graphic Interface
190,Holiday Escapes - Issue 1,Distributed 3rdgeneration array
191,Holiday Escapes - Issue 9,Operative real-time firmware
192,Holiday Escapes - Issue 1,Integrated demand-driven interface
193,Holiday Escapes - Issue 11,Customizable uniform data-warehouse
194,Holiday Escapes - Issue 4,Open-architected 5thgeneration orchestration
195,Holiday Escapes - Issue 6,Reactive demand-driven application
196,Holiday Escapes - Issue 8,Vision-oriented actuating core
197,Holiday Escapes - Issue 4,Profound optimizing framework
198,Holiday Escapes - Issue 2,Configurable systematic help-desk
199,Holiday Escapes - Issue 12,Programmable bi-directional secured line
200,Holiday Escapes - Issue 9,Robust grid-enabled software
201,Holiday Escapes - Issue 8,De-engineered neutral support
202,Holiday Escapes - Issue 1,Distributed solution-oriented focus group
203,Holiday Escapes - Issue 12,Stand-alone real-time product
204,Holiday Escapes - Issue 5,Customer-focused leadingedge contingency
205,Holiday Escapes - Issue 1,Horizontal systemic parallelism
206,Holiday Escapes - Issue 11,Extended dynamic help-desk
207,Holiday Escapes - Issue 9,Proactive local support
208,Holiday Escapes - Issue 6,Upgradable system-worthy adapter
209,Holiday Escapes - Issue 12,Function-based 24/7 middleware
210,Holiday Escapes - Issue 2,Front-line 24/7 utilization
211,Holiday Escapes - Issue 2,Virtual solution-oriented array
212,Holiday Escapes - Issue 6,Visionary optimal approach
213,Holiday Escapes - Issue 3,Reactive 24hour customer loyalty
214,Holiday Escapes - Issue 4,Quality-focused 3rdgeneration focus group
215,Holiday Escapes - Issue 4,Diverse analyzing product
216,Holiday Escapes - Issue 9,Networked optimal secured line
217,Holiday Escapes - Issue 3,Advanced executive adapter
218,Holiday Escapes - Issue 12,Stand-alone human-resource circuit
219,Holiday Escapes - Issue 12,Focused content-based workforce
220,Holiday Escapes - Issue 2,Function-based 4thgeneration functionalities
221,Holiday Escapes - Issue 6,Enhanced real-time Graphical User Interface
222,Holiday Escapes - Issue 6,Reverse-engineered maximized software
223,Holiday Escapes - Issue 5,Realigned actuating application
224,Holiday Escapes - Issue 2,Quality-focused asymmetric circuit
225,Holiday Escapes - Issue 5,Optional static solution
226,Holiday Escapes - Issue 7,Decentralized directional Graphical User Interface
227,Holiday Escapes - Issue 6,Digitized interactive implementation
228,Holiday Escapes - Issue 8,Compatible systematic project
229,Holiday Escapes - Issue 11,Profit-focused system-worthy leverage
230,Holiday Escapes - Issue 9,Versatile client-driven secured line
231,Holiday Escapes - Issue 6,Organized even-keeled utilization
232,Holiday Escapes - Issue 12,User-friendly bandwidth-monitored instruction set
233,Holiday Escapes - Issue 12,Synchronized transitional contingency
234,Holiday Escapes - Issue 3,Polarized explicit workforce
235,Holiday Escapes - Issue 12,Optimized mobile archive
236,Holiday Escapes - Issue 5,Compatible well-modulated architecture
237,Holiday Escapes - Issue 4,Sharable stable data-warehouse
238,Holiday Escapes - Issue 5,Customer-focused foreground groupware
239,Holiday Escapes - Issue 12,Decentralized demand-driven solution
240,Holiday Escapes - Issue 4,De-engineered asymmetric leverage
241,Holiday Escapes - Issue 1,Streamlined zero-defect product
242,Holiday Escapes - Issue 10,Assimilated disintermediate product
243,Holiday Escapes - Issue 5,Polarized mobile core
244,Holiday Escapes - Issue 12,Digitized exuding database
245,Holiday Escapes - Issue 6,Customizable zero-defect strategy
246,Holiday Escapes - Issue 3,Intuitive 24/7 extranet
247,Holiday Escapes - Issue 8,Customer-focused coherent portal
248,Holiday Escapes - Issue 1,Devolved zero administration hierarchy
249,Holiday Escapes - Issue 11,Intuitive didactic attitude
250,Holiday Escapes - Issue 5,Assimilated executive flexibility
251,Holiday Escapes - Issue 2,Cross-platform asynchronous instruction set
252,Holiday Escapes - Issue 9,Open-source needs-based alliance
253,Holiday Escapes - Issue 1,De-engineered neutral support
254,Holiday Escapes - Issue 4,Reactive 24hour customer loyalty
255,Holiday Escapes - Issue 7,Horizontal fault-tolerant infrastructure
256,Holiday Escapes - Issue 5,Implemented national utilization
257,Holiday Escapes - Issue 10,Enterprise-wide demand-driven circuit
258,Holiday Escapes - Issue 11,Front-line 24/7 utilization
259,Holiday Escapes - Issue 3,Managed bifurcated definition
260,Holiday Escapes - Issue 7,Team-oriented fault-tolerant pricing structure
261,Holiday Escapes - Issue 7,Virtual solution-oriented array
262,Holiday Escapes - Issue 2,Triple-buffered zero administration array
263,Holiday Escapes - Issue 1,Organic real-time open system
264,Holiday Escapes - Issue 8,Extended dynamic help-desk
265,Holiday Escapes - Issue 4,Compatible systematic project
266,Holiday Escapes - Issue 10,Assimilated executive flexibility
267,Holiday Escapes - Issue 6,Down-sized upward-trending extranet
268,Holiday Escapes - Issue 6,Customizable context-sensitive process improvement
269,Holiday Escapes - Issue 7,Fully-configurable attitude-oriented policy
270,Holiday Escapes - Issue 8,Switchable asynchronous throughput
271,Holiday Escapes - Issue 9,Mandatory intermediate collaboration
272,Holiday Escapes - Issue 3,Decentralized demand-driven solution
273,Holiday Escapes - Issue 5,Future-proofed background success
274,Holiday Escapes - Issue 9,Face-to-face analyzing Local Area Network
275,Holiday Escapes - Issue 1,Function-based empowering info-mediaries
276,Holiday Escapes - Issue 7,Networked didactic middleware
277,Holiday Escapes - Issue 8,Intuitive even-keeled initiative
278,Holiday Escapes - Issue 4,Balanced exuding parallelism
279,Holiday Escapes - Issue 9,Phased system-worthy open system
280,Holiday Escapes - Issue 12,Managed composite database
281,Holiday Escapes - Issue 4,Grass-roots global leverage
282,Holiday Escapes - Issue 7,Versatile client-driven secured line
283,Holiday Escapes - Issue 1,Customizable zero-defect strategy
284,Holiday Escapes - Issue 1,Assimilated logistical installation
285,Holiday Escapes - Issue 1,Integrated tangible capacity
286,Holiday Escapes - Issue 2,Cross-group global complexity
287,Holiday Escapes - Issue 6,Proactive local support
288,Holiday Escapes - Issue 3,Reverse-engineered leadingedge help-desk
289,Holiday Escapes - Issue 3,Distributed 3rdgeneration array
290,Holiday Escapes - Issue 1,Vision-oriented fault-tolerant analyzer
291,Holiday Escapes - Issue 2,Distributed solution-oriented focus group
292,Holiday Escapes - Issue 5,Integrated context-sensitive utilization
293,Holiday Escapes - Issue 5,Fully-configurable attitude-oriented policy
294,Holiday Escapes - Issue 3,User-centric explicit application
295,Holiday Escapes - Issue 6,Face-to-face exuding product
296,Holiday Escapes - Issue 1,Universal dedicated toolset
297,Holiday Escapes - Issue 4,Advanced cohesive parallelism
298,Holiday Escapes - Issue 10,Focused mobile software
299,Holiday Escapes - Issue 12,Quality-focused maximized functionalities
300,Holiday Escapes - Issue 8,Optimized mobile archive
301,Holiday Escapes - Issue 5,Stand-alone fault-tolerant product
302,Holiday Escapes - Issue 10,Automated needs-based capability
303,Holiday Escapes - Issue 6,Virtual solution-oriented array
304,Holiday Escapes - Issue 3,Public-key web-enabled archive
305,Holiday Escapes - Issue 10,Virtual actuating product
306,Holiday Escapes - Issue 12,Diverse analyzing product
307,Holiday Escapes - Issue 7,Persevering methodical definition
308,Holiday Escapes - Issue 9,Quality-focused asymmetric circuit
309,Holiday Escapes - Issue 11,Focused content-based workforce
310,Holiday Escapes - Issue 5,Configurable maximized open architecture
311,Holiday Escapes - Issue 5,Enhanced empowering forecast
312,Holiday Escapes - Issue 3,Stand-alone non-volatile infrastructure
313,Holiday Escapes - Issue 9,Compatible systematic project
314,Holiday Escapes - Issue 4,Intuitive 24/7 extranet
315,Holiday Escapes - Issue 8,Profound bi-directional toolset
316,Holiday Escapes - Issue 12,Phased clear-thinking neural-net
317,Holiday Escapes - Issue 8,De-engineered full-range frame
318,Holiday Escapes - Issue 1,De-engineered full-range frame
319,Holiday Escapes - Issue 12,Persistent optimizing access
320,Holiday Escapes - Issue 7,Managed composite database
321,Holiday Escapes - Issue 5,Horizontal systemic parallelism
322,Holiday Escapes - Issue 11,Centralized system-worthy system engine
323,Holiday Escapes - Issue 2,Upgradable system-worthy adapter
324,Holiday Escapes - Issue 4,Vision-oriented upward-trending product
325,Holiday Escapes - Issue 4,Phased clear-thinking neural-net
326,Holiday Escapes - Issue 5,Decentralized grid-enabled interface
327,Holiday Escapes - Issue 2,Diverse analyzing product
328,Holiday Escapes - Issue 4,Synchronized 3rdgeneration process improvement
329,Holiday Escapes - Issue 3,Quality-focused 24/7 firmware
330,Holiday Escapes - Issue 2,Customer-focused zero-defect Internet solution
331,Holiday Escapes - Issue 5,Function-based empowering info-mediaries
332,Holiday Escapes - Issue 3,Front-line context-sensitive customer loyalty
333,Holiday Escapes - Issue 1,Synergized cohesive service-desk
334,Holiday Escapes - Issue 6,Decentralized directional Graphical User Interface
335,Holiday Escapes - Issue 9,Monitored mobile attitude
336,Holiday Escapes - Issue 8,Upgradable system-worthy adapter
337,Holiday Escapes - Issue 12,Horizontal fault-tolerant infrastructure
338,Holiday Escapes - Issue 2,Polarized mobile core
339,Holiday Escapes - Issue 8,Front-line context-sensitive customer loyalty
340,Holiday Escapes - Issue 5,Quality-focused maximized functionalities
341,Holiday Escapes - Issue 2,Programmable bottom-line access
342,Holiday Escapes - Issue 3,Diverse analyzing product
343,Holiday Escapes - Issue 1,Reactive demand-driven application
344,Holiday Escapes - Issue 10,Universal reciprocal Graphical User Interface
345,Holiday Escapes - Issue 10,Customer-focused intangible service-desk
346,Holiday Escapes - Issue 5,Reduced intermediate flexibility
347,Holiday Escapes - Issue 6,Future-proofed heuristic support
348,Holiday Escapes - Issue 10,Function-based 4thgeneration functionalities
349,Holiday Escapes - Issue 3,Customizable zero-defect strategy
350,Holiday Escapes - Issue 1,Customizable context-sensitive process improvement
351,Holiday Escapes - Issue 8,Monitored asynchronous budgetary management
352,Holiday Escapes - Issue 1,Persevering methodical definition
353,Holiday Escapes - Issue 2,Front-line context-sensitive customer loyalty
354,Holiday Escapes - Issue 11,Public-key disintermediate contingency
355,Holiday Escapes - Issue 8,Robust maximized Graphical User Interface
356,Holiday Escapes - Issue 2,Stand-alone human-resource circuit
357,Holiday Escapes - Issue 7,Vision-oriented upward-trending product
358,Holiday Escapes - Issue 3,De-engineered full-range frame
359,Holiday Escapes - Issue 9,Robust uniform adapter
360,Holiday Escapes - Issue 8,Networked intangible info-mediaries
361,Holiday Escapes - Issue 6,Networked optimal secured line
362,Holiday Escapes - Issue 9,Monitored optimal workforce
363,Holiday Escapes - Issue 7,Devolved zero administration hierarchy
364,Holiday Escapes - Issue 9,Seamless intangible help-desk
365,Holiday Escapes - Issue 3,Robust maximized Graphical User Interface
366,Holiday Escapes - Issue 4,Optional actuating challenge
367,Holiday Escapes - Issue 4,Front-line context-sensitive customer loyalty
368,Holiday Escapes - Issue 6,Synergistic cohesive pricing structure
369,Holiday Escapes - Issue 8,Open-architected 5thgeneration orchestration
370,Holiday Escapes - Issue 8,Enterprise-wide 6thgeneration flexibility
371,Holiday Escapes - Issue 7,Phased intermediate definition
372,Holiday Escapes - Issue 7,Universal directional parallelism
373,Holiday Escapes - Issue 9,Reverse-engineered stable core
374,Holiday Escapes - Issue 4,User-friendly explicit artificial intelligence
375,Holiday Escapes - Issue 10,Robust maximized Graphical User Interface
376,Holiday Escapes - Issue 8,Centralized discrete model
377,Holiday Escapes - Issue 9,Managed bifurcated definition
378,Holiday Escapes - Issue 2,Robust grid-enabled software
379,Holiday Escapes - Issue 5,Progressive 24/7 project
380,Holiday Escapes - Issue 12,Robust client-server intranet
381,Holiday Escapes - Issue 1,Synergized executive complexity
382,Holiday Escapes - Issue 7,Programmable bottom-line access
383,Holiday Escapes - Issue 7,Multi-channeled neutral superstructure
384,Holiday Escapes - Issue 4,Monitored mobile attitude
385,Holiday Escapes - Issue 4,Pre-emptive stable help-desk
386,Holiday Escapes - Issue 3,Networked optimal secured line
387,Holiday Escapes - Issue 5,Team-oriented hybrid capability
388,Holiday Escapes - Issue 5,Decentralized stable groupware
389,Holiday Escapes - Issue 10,Assimilated value-added projection
390,Holiday Escapes - Issue 7,Networked intangible info-mediaries
391,Holiday Escapes - Issue 6,Visionary systemic moderator
392,Holiday Escapes - Issue 4,Upgradable system-worthy adapter
393,Holiday Escapes - Issue 9,Function-based 4thgeneration functionalities
394,Holiday Escapes - Issue 5,Robust client-server intranet
395,Holiday Escapes - Issue 8,Reactive zero-defect intranet
396,Holiday Escapes - Issue 7,Advanced executive adapter
397,Holiday Escapes - Issue 4,Streamlined human-resource utilization
398,Holiday Escapes - Issue 4,Polarized non-volatile database
399,Holiday Escapes - Issue 2,Progressive 24/7 project
400,Holiday Escapes - Issue 3,De-engineered neutral support
401,Holiday Escapes - Issue 4,Integrated demand-driven interface
402,Holiday Escapes - Issue 4,Focused content-based workforce
403,Holiday Escapes - Issue 9,Business-focused system-worthy artificial intelligence
404,Holiday Escapes - Issue 4,Managed bifurcated definition
405,Holiday Escapes - Issue 10,Public-key web-enabled archive
406,Holiday Escapes - Issue 12,Inverse mobile emulation
407,Holiday Escapes - Issue 7,Integrated tangible capacity
408,Holiday Escapes - Issue 8,Innovative client-driven extranet
409,Holiday Escapes - Issue 12,Assimilated logistical installation
410,Holiday Escapes - Issue 4,Distributed heuristic open system
411,Holiday Escapes - Issue 2,Enterprise-wide 6thgeneration flexibility
412,Holiday Escapes - Issue 6,Operative regional firmware
413,Holiday Escapes - Issue 6,Optional actuating challenge
414,Holiday Escapes - Issue 2,Phased system-worthy open system
415,Holiday Escapes - Issue 8,Reverse-engineered holistic info-mediaries
416,Holiday Escapes - Issue 2,Pre-emptive stable help-desk
417,Holiday Escapes - Issue 11,User-centric explicit application
418,Holiday Escapes - Issue 12,Reactive zero-defect intranet
419,Holiday Escapes - Issue 5,Reverse-engineered leadingedge help-desk
420,Holiday Escapes - Issue 10,Triple-buffered responsive info-mediaries
421,Holiday Escapes - Issue 10,Ergonomic human-resource capacity
422,Holiday Escapes - Issue 2,Centralized empowering data-warehouse
423,Holiday Escapes - Issue 6,Progressive 24/7 project
424,Holiday Escapes - Issue 8,Fully-configurable attitude-oriented policy
425,Holiday Escapes - Issue 8,Robust full-range encoding
426,Holiday Escapes - Issue 1,Versatile exuding support
427,Holiday Escapes - Issue 12,Vision-oriented actuating core
428,Holiday Escapes - Issue 4,Enhanced real-time Graphical User Interface
429,Holiday Escapes - Issue 2,Optional bi-directional product
430,Holiday Escapes - Issue 7,Configurable systematic help-desk
431,Holiday Escapes - Issue 6,Profound bi-directional toolset
432,Holiday Escapes - Issue 10,User-friendly bandwidth-monitored instruction set
433,Holiday Escapes - Issue 4,Enhanced human-resource open system
434,Holiday Escapes - Issue 4,Universal reciprocal Graphical User Interface
435,Holiday Escapes - Issue 2,Grass-roots global leverage
436,Holiday Escapes - Issue 10,Grass-roots global leverage
437,Holiday Escapes - Issue 8,Decentralized empowering function
438,Holiday Escapes - Issue 3,Pre-emptive dedicated monitoring
439,Holiday Escapes - Issue 2,Decentralized demand-driven solution
440,Holiday Escapes - Issue 3,Proactive local support
441,Holiday Escapes - Issue 11,Seamless high-level software
442,Holiday Escapes - Issue 10,Distributed 3rdgeneration array
443,Holiday Escapes - Issue 8,Grass-roots asynchronous implementation
444,Holiday Escapes - Issue 2,Virtual actuating product
445,Holiday Escapes - Issue 9,Optional grid-enabled knowledge user
446,Holiday Escapes - Issue 9,Business-focused global architecture
447,Holiday Escapes - Issue 8,Open-source needs-based alliance
448,Holiday Escapes - Issue 5,Robust maximized Graphical User Interface
449,Holiday Escapes - Issue 1,Persistent even-keeled superstructure
450,Holiday Escapes - Issue 5,Optional bi-directional product
451,Holiday Escapes - Issue 4,User-centric explicit application
452,Holiday Escapes - Issue 8,Customizable zero-defect strategy
453,Holiday Escapes - Issue 10,Polarized explicit workforce
454,Holiday Escapes - Issue 8,Implemented national utilization
455,Holiday Escapes - Issue 1,Face-to-face exuding product
456,Holiday Escapes - Issue 4,Innovative client-driven extranet
457,Holiday Escapes - Issue 1,Inverse 24/7 migration
458,Holiday Escapes - Issue 8,Programmable empowering functionalities
459,Holiday Escapes - Issue 11,Ameliorated analyzing success
460,Holiday Escapes - Issue 10,Reduced intermediate flexibility
461,Holiday Escapes - Issue 5,Organized human-resource alliance
462,Holiday Escapes - Issue 9,Universal directional parallelism
463,Holiday Escapes - Issue 5,Robust grid-enabled software
464,Holiday Escapes - Issue 4,Future-proofed object-oriented orchestration
465,Holiday Escapes - Issue 6,Up-sized scalable frame
466,Holiday Escapes - Issue 12,Focused client-server Graphic Interface
467,Holiday Escapes - Issue 9,Universal dedicated toolset
468,Holiday Escapes - Issue 5,Face-to-face analyzing Local Area Network
469,Holiday Escapes - Issue 2,Profound bi-directional toolset
470,Holiday Escapes - Issue 7,Front-line maximized benchmark
471,Holiday Escapes - Issue 4,Reactive zero-defect intranet
472,Holiday Escapes - Issue 9,Intuitive 24/7 extranet
473,Holiday Escapes - Issue 11,Persistent clear-thinking software
474,Holiday Escapes - Issue 11,Polarized mobile core
475,Holiday Escapes - Issue 1,Customer-focused non-volatile paradigm
476,Holiday Escapes - Issue 1,Customer-focused coherent portal
477,Holiday Escapes - Issue 7,Reverse-engineered leadingedge help-desk
478,Holiday Escapes - Issue 9,Decentralized grid-enabled interface
479,Holiday Escapes - Issue 9,Customer-focused intangible service-desk
480,Holiday Escapes - Issue 8,Stand-alone real-time product
481,Holiday Escapes - Issue 4,Face-to-face exuding product
482,Holiday Escapes - Issue 10,Secured content-based application
483,Holiday Escapes - Issue 11,Multi-lateral directional moderator
484,Holiday Escapes - Issue 10,Programmable empowering functionalities
485,Holiday Escapes - Issue 11,Focused client-server Graphic Interface
486,Holiday Escapes - Issue 3,Centralized empowering data-warehouse
487,Holiday Escapes - Issue 12,Synergistic 6thgeneration analyzer
488,Holiday Escapes - Issue 12,Virtual solution-oriented array
489,Holiday Escapes - Issue 4,Intuitive didactic attitude
490,Holiday Escapes - Issue 5,Networked optimal secured line
491,Holiday Escapes - Issue 11,Up-sized scalable frame
492,Holiday Escapes - Issue 9,Future-proofed heuristic support
493,Holiday Escapes - Issue 7,Reverse-engineered holistic info-mediaries
494,Holiday Escapes - Issue 9,Ameliorated analyzing success
495,Holiday Escapes - Issue 9,Centralized discrete model
496,Holiday Escapes - Issue 3,Monitored asynchronous budgetary management
497,Holiday Escapes - Issue 1,Monitored holistic system engine
498,Holiday Escapes - Issue 8,Polarized explicit workforce
499,Holiday Escapes - Issue 2,Networked needs-based installation
500,Holiday Escapes - Issue 1,Virtual actuating product
501,Holiday Escapes - Issue 9,Compatible well-modulated architecture
502,Holiday Escapes - Issue 10,Ameliorated analyzing success
503,Holiday Escapes - Issue 11,Stand-alone real-time product
504,Holiday Escapes - Issue 7,Up-sized scalable frame
505,Holiday Escapes - Issue 3,Enterprise-wide 6thgeneration flexibility
506,Holiday Escapes - Issue 7,Synergized transitional access
507,Holiday Escapes - Issue 6,Team-oriented hybrid capability
508,Holiday Escapes - Issue 10,Persevering modular portal
509,Holiday Escapes - Issue 9,Enterprise-wide 5thgeneration throughput
510,Holiday Escapes - Issue 10,Synergized cohesive service-desk
511,Holiday Escapes - Issue 7,Future-proofed object-oriented orchestration
512,Holiday Escapes - Issue 10,Phased 24hour model
513,Holiday Escapes - Issue 1,Optional actuating challenge
514,Holiday Escapes - Issue 4,Persistent clear-thinking software
515,Holiday Escapes - Issue 6,Centralized discrete model
516,Holiday Escapes - Issue 8,Configurable maximized open architecture
517,Holiday Escapes - Issue 1,Digitized interactive implementation
518,Holiday Escapes - Issue 9,Robust maximized Graphical User Interface
519,Holiday Escapes - Issue 8,Reverse-engineered leadingedge help-desk
520,Holiday Escapes - Issue 3,De-engineered multi-tasking software
521,Holiday Escapes - Issue 5,Focused content-based workforce
522,Holiday Escapes - Issue 12,Reverse-engineered holistic info-mediaries
523,Holiday Escapes - Issue 4,Open-source systemic hierarchy
524,Holiday Escapes - Issue 7,De-engineered asymmetric leverage
525,Holiday Escapes - Issue 9,Realigned actuating application
526,Holiday Escapes - Issue 5,Horizontal attitude-oriented toolset
527,Holiday Escapes - Issue 11,Enhanced empowering forecast
528,Holiday Escapes - Issue 7,Optional actuating challenge
529,Holiday Escapes - Issue 11,Seamless multimedia parallelism
530,Holiday Escapes - Issue 8,Digitized interactive implementation
531,Holiday Escapes - Issue 3,Profound bi-directional toolset
532,Holiday Escapes - Issue 4,Enterprise-wide asynchronous service-desk
533,Holiday Escapes - Issue 11,Enterprise-wide 5thgeneration throughput
534,Holiday Escapes - Issue 1,Seamless intangible help-desk
535,Holiday Escapes - Issue 12,Streamlined zero-defect product
536,Holiday Escapes - Issue 11,De-engineered asymmetric leverage
537,Holiday Escapes - Issue 5,Business-focused intangible middleware
538,Holiday Escapes - Issue 10,Phased intermediate definition
539,Holiday Escapes - Issue 9,De-engineered neutral support
540,Holiday Escapes - Issue 10,Profound bi-directional toolset
541,Holiday Escapes - Issue 7,Triple-buffered zero administration array
542,Holiday Escapes - Issue 7,Mandatory demand-driven Graphic Interface
543,Holiday Escapes - Issue 12,Centralized discrete model
544,Holiday Escapes - Issue 4,Decentralized stable groupware
545,Holiday Escapes - Issue 6,Multi-tiered national circuit
546,Holiday Escapes - Issue 6,Profit-focused system-worthy leverage
547,Holiday Escapes - Issue 2,Implemented transitional installation
548,Holiday Escapes - Issue 8,Multi-tiered demand-driven hierarchy
549,Holiday Escapes - Issue 3,Centralized system-worthy system engine
550,Holiday Escapes - Issue 6,Decentralized empowering function
551,Holiday Escapes - Issue 2,Front-line responsive matrix
552,Holiday Escapes - Issue 8,Digitized exuding database
553,Holiday Escapes - Issue 8,Streamlined zero administration website
554,Holiday Escapes - Issue 9,De-engineered multi-tasking software
555,Holiday Escapes - Issue 2,Stand-alone non-volatile infrastructure
556,Holiday Escapes - Issue 11,Organic real-time open system
557,Holiday Escapes - Issue 3,Enterprise-wide demand-driven circuit
558,Holiday Escapes - Issue 6,Future-proofed background success
559,Holiday Escapes - Issue 3,Front-line 24/7 utilization
560,Holiday Escapes - Issue 12,Optional fresh-thinking capacity
561,Holiday Escapes - Issue 5,Operative neutral archive
562,Holiday Escapes - Issue 8,Customer-focused zero-defect Internet solution
563,Holiday Escapes - Issue 4,Quality-focused maximized functionalities
564,Holiday Escapes - Issue 8,Synergistic cohesive pricing structure
565,Holiday Escapes - Issue 7,Balanced exuding parallelism
566,Holiday Escapes - Issue 10,Self-enabling 5thgeneration orchestration
567,Holiday Escapes - Issue 9,Intuitive didactic forecast
568,Holiday Escapes - Issue 6,Integrated multi-state solution
569,Holiday Escapes - Issue 6,Secured demand-driven toolset
570,Holiday Escapes - Issue 8,Focused content-based workforce
571,Holiday Escapes - Issue 11,Assimilated executive flexibility
572,Holiday Escapes - Issue 7,Assimilated value-added projection
573,Holiday Escapes - Issue 2,De-engineered asymmetric leverage
574,Holiday Escapes - Issue 3,Configurable systematic help-desk
575,Holiday Escapes - Issue 11,Polarized explicit workforce
576,Holiday Escapes - Issue 12,Integrated demand-driven interface
577,Holiday Escapes - Issue 8,Multi-lateral directional moderator
578,Holiday Escapes - Issue 9,Horizontal attitude-oriented toolset
579,Holiday Escapes - Issue 2,Multi-channeled neutral superstructure
580,Holiday Escapes - Issue 11,Enhanced real-time Graphical User Interface
581,Holiday Escapes - Issue 6,Multi-channeled human-resource task-force
582,Holiday Escapes - Issue 10,Operative neutral archive
583,Holiday Escapes - Issue 5,Function-based web-enabled Local Area Network
584,Holiday Escapes - Issue 7,Inverse 24/7 migration
585,Holiday Escapes - Issue 7,Synergized executive complexity
586,Holiday Escapes - Issue 5,Digitized interactive implementation
587,Holiday Escapes - Issue 8,Quality-focused 24/7 firmware
588,Holiday Escapes - Issue 7,Open-architected 5thgeneration orchestration
589,Holiday Escapes - Issue 8,Intuitive 24/7 extranet
590,Holiday Escapes - Issue 2,Reactive zero-defect intranet
591,Holiday Escapes - Issue 4,Distributed solution-oriented focus group
592,Holiday Escapes - Issue 10,Organized human-resource alliance
593,Holiday Escapes - Issue 5,Universal dedicated toolset
594,Holiday Escapes - Issue 1,Vision-oriented actuating core
595,Holiday Escapes - Issue 1,Quality-focused maximized functionalities
596,Holiday Escapes - Issue 9,Sharable radical throughput
597,Holiday Escapes - Issue 3,Optional actuating challenge
598,Holiday Escapes - Issue 4,Future-proofed heuristic support
599,Holiday Escapes - Issue 5,Down-sized upward-trending extranet
600,Holiday Escapes - Issue 2,Inverse mobile emulation
601,Holiday Escapes - Issue 8,Centralized empowering data-warehouse
602,Holiday Escapes - Issue 6,Advanced heuristic archive
603,Holiday Escapes - Issue 1,Persistent clear-thinking software
604,Holiday Escapes - Issue 9,Digitized exuding database
605,Holiday Escapes - Issue 8,Customer-focused non-volatile paradigm
606,Holiday Escapes - Issue 6,Open-architected 5thgeneration orchestration
607,Holiday Escapes - Issue 3,Future-proofed reciprocal website
608,Holiday Escapes - Issue 6,Robust grid-enabled software
609,Holiday Escapes - Issue 2,Profound optimizing framework
610,Holiday Escapes - Issue 10,Stand-alone real-time product
611,Holiday Escapes - Issue 4,Enterprise-wide demand-driven circuit
612,Holiday Escapes - Issue 10,Inverse 24/7 migration
613,Holiday Escapes - Issue 7,Multi-lateral directional moderator
614,Holiday Escapes - Issue 2,Face-to-face exuding product
615,Holiday Escapes - Issue 1,Future-proofed heuristic support
616,Holiday Escapes - Issue 10,Proactive 4thgeneration hardware
617,Holiday Escapes - Issue 5,Function-based 4thgeneration functionalities
618,Holiday Escapes - Issue 3,Integrated context-sensitive utilization
619,Holiday Escapes - Issue 7,Universal reciprocal Graphical User Interface
620,Holiday Escapes - Issue 4,Streamlined zero administration website
621,Holiday Escapes - Issue 6,Function-based empowering info-mediaries
622,Holiday Escapes - Issue 5,Advanced executive adapter
623,Holiday Escapes - Issue 5,Future-proofed reciprocal website
624,Holiday Escapes - Issue 7,Expanded radical knowledgebase
625,Holiday Escapes - Issue 10,Managed bifurcated definition
626,Holiday Escapes - Issue 11,Pre-emptive dedicated monitoring
627,Holiday Escapes - Issue 9,Assimilated value-added projection
628,Holiday Escapes - Issue 2,Robust maximized Graphical User Interface
629,Holiday Escapes - Issue 4,Cross-platform asynchronous instruction set
630,Holiday Escapes - Issue 4,Front-line 24/7 utilization
631,Holiday Escapes - Issue 11,Networked intangible info-mediaries
632,Holiday Escapes - Issue 12,Focused mission-critical approach
633,Holiday Escapes - Issue 7,Switchable asynchronous throughput
634,Holiday Escapes - Issue 12,Multi-channeled eco-centric extranet
635,Holiday Escapes - Issue 8,User-centric explicit application
636,Holiday Escapes - Issue 7,Grass-roots object-oriented ability
637,Holiday Escapes - Issue 6,Robust uniform adapter
638,Holiday Escapes - Issue 12,Programmable empowering functionalities
639,Holiday Escapes - Issue 5,Customizable zero-defect strategy
640,Holiday Escapes - Issue 8,Function-based web-enabled Local Area Network
641,Holiday Escapes - Issue 12,Team-oriented hybrid capability
642,Holiday Escapes - Issue 9,Organic asynchronous knowledgebase
643,Holiday Escapes - Issue 3,Ameliorated analyzing success
644,Holiday Escapes - Issue 10,Sharable radical throughput
645,Holiday Escapes - Issue 10,Monitored holistic system engine
646,Holiday Escapes - Issue 9,Seamless context-sensitive project
647,Holiday Escapes - Issue 6,De-engineered neutral support
648,Holiday Escapes - Issue 1,Centralized discrete model
649,Holiday Escapes - Issue 1,Reverse-engineered maximized software
650,Holiday Escapes - Issue 1,Horizontal attitude-oriented toolset
651,Holiday Escapes - Issue 11,Programmable dedicated access
652,Holiday Escapes - Issue 3,Persistent even-keeled superstructure
653,Holiday Escapes - Issue 3,Progressive encompassing hardware
654,Holiday Escapes - Issue 7,Enterprise-wide 6thgeneration flexibility
655,Holiday Escapes - Issue 7,Focused mobile software
656,Holiday Escapes - Issue 1,Realigned actuating application
657,Holiday Escapes - Issue 6,Persevering methodical definition
658,Holiday Escapes - Issue 10,Multi-tiered demand-driven hierarchy
659,Holiday Escapes - Issue 4,De-engineered full-range frame
660,Holiday Escapes - Issue 12,Vision-oriented upward-trending product
661,Holiday Escapes - Issue 5,User-friendly bandwidth-monitored instruction set
662,Holiday Escapes - Issue 7,Reverse-engineered maximized software
663,Holiday Escapes - Issue 2,Compatible zero administration instruction set
664,Holiday Escapes - Issue 3,Versatile client-driven secured line
665,Holiday Escapes - Issue 10,Robust uniform adapter
666,Holiday Escapes - Issue 10,Quality-focused 3rdgeneration focus group
667,Holiday Escapes - Issue 4,Self-enabling 5thgeneration orchestration
668,Holiday Escapes - Issue 8,Assimilated logistical installation
669,Holiday Escapes - Issue 12,Managed bifurcated definition
670,Holiday Escapes - Issue 5,Intuitive even-keeled initiative
671,Holiday Escapes - Issue 9,Compatible zero administration instruction set
672,Holiday Escapes - Issue 9,Fully-configurable attitude-oriented policy
673,Holiday Escapes - Issue 10,Customer-focused coherent portal
674,Holiday Escapes - Issue 4,Centralized system-worthy system engine
675,Holiday Escapes - Issue 12,Front-line context-sensitive customer loyalty
676,Holiday Escapes - Issue 5,Advanced cohesive parallelism
677,Holiday Escapes - Issue 11,Synergized executive complexity
678,Holiday Escapes - Issue 10,Progressive 24/7 project
679,Holiday Escapes - Issue 11,Synergistic cohesive pricing structure
680,Holiday Escapes - Issue 5,Centralized didactic structure
681,Holiday Escapes - Issue 12,Mandatory intermediate collaboration
682,Holiday Escapes - Issue 12,Customer-focused intangible service-desk
683,Holiday Escapes - Issue 2,Secured object-oriented firmware
684,Holiday Escapes - Issue 12,Multi-tiered demand-driven hierarchy
685,Holiday Escapes - Issue 2,Customizable zero-defect strategy
686,Holiday Escapes - Issue 12,Centralized system-worthy system engine
687,Holiday Escapes - Issue 5,Centralized empowering data-warehouse
688,Holiday Escapes - Issue 3,Managed composite database
689,Holiday Escapes - Issue 8,Seamless multimedia parallelism
690,Holiday Escapes - Issue 9,Pre-emptive dedicated monitoring
691,Holiday Escapes - Issue 8,Pre-emptive stable help-desk
692,Holiday Escapes - Issue 10,Upgradable system-worthy adapter
693,Holiday Escapes - Issue 4,Optimized mobile archive
694,Holiday Escapes - Issue 10,Open-source dedicated firmware
695,Holiday Escapes - Issue 6,Polarized explicit workforce
696,Holiday Escapes - Issue 12,Synergistic cohesive pricing structure
697,Holiday Escapes - Issue 7,Stand-alone human-resource circuit
698,Holiday Escapes - Issue 5,Managed composite database
699,Holiday Escapes - Issue 12,Profit-focused system-worthy leverage
700,Holiday Escapes - Issue 12,Polarized fault-tolerant throughput
701,Holiday Escapes - Issue 12,Front-line executive monitoring
702,Holiday Escapes - Issue 6,Progressive encompassing hardware
703,Holiday Escapes - Issue 5,Realigned actuating collaboration
704,Holiday Escapes - Issue 7,Reverse-engineered stable data-warehouse
705,Holiday Escapes - Issue 11,Visionary optimal approach
706,Holiday Escapes - Issue 10,Enterprise-wide asynchronous service-desk
707,Holiday Escapes - Issue 8,Object-based client-server capability
708,Holiday Escapes - Issue 12,Pre-emptive stable help-desk
709,Holiday Escapes - Issue 2,Synergistic cohesive pricing structure
710,Holiday Escapes - Issue 4,Horizontal systemic parallelism
711,Holiday Escapes - Issue 3,Programmable dedicated access
712,Holiday Escapes - Issue 10,Front-line maximized benchmark
713,Holiday Escapes - Issue 6,Pre-emptive stable help-desk
714,Holiday Escapes - Issue 8,Distributed 3rdgeneration array
715,Holiday Escapes - Issue 4,Grass-roots asynchronous implementation
716,Holiday Escapes - Issue 4,Multi-channeled neutral superstructure
717,Holiday Escapes - Issue 9,Multi-tiered national circuit
718,Holiday Escapes - Issue 5,Seamless context-sensitive project
719,Holiday Escapes - Issue 6,Universal directional parallelism
720,Holiday Escapes - Issue 5,Enhanced real-time Graphical User Interface
721,Holiday Escapes - Issue 6,Realigned actuating application
722,Holiday Escapes - Issue 6,Synchronized transitional contingency
723,Holiday Escapes - Issue 6,Customer-focused non-volatile paradigm
724,Holiday Escapes - Issue 5,Persevering modular portal
725,Holiday Escapes - Issue 9,Multi-channeled human-resource task-force
726,Holiday Escapes - Issue 6,Triple-buffered responsive info-mediaries
727,Holiday Escapes - Issue 9,Vision-oriented upward-trending product
728,Holiday Escapes - Issue 11,Monitored mobile attitude
729,Holiday Escapes - Issue 5,Mandatory intermediate collaboration
730,Holiday Escapes - Issue 4,Enterprise-wide 5thgeneration throughput
731,Holiday Escapes - Issue 5,Ergonomic human-resource capacity
732,Holiday Escapes - Issue 4,Robust maximized Graphical User Interface
733,Holiday Escapes - Issue 9,Persistent optimizing access
734,Holiday Escapes - Issue 12,Sharable stable data-warehouse
735,Holiday Escapes - Issue 1,Seamless context-sensitive project
736,Holiday Escapes - Issue 6,Stand-alone real-time product
737,Holiday Escapes - Issue 12,Monitored mobile attitude
738,Holiday Escapes - Issue 1,Integrated multi-state solution
739,Holiday Escapes - Issue 4,Monitored multi-tasking system engine
740,Holiday Escapes - Issue 6,Stand-alone fault-tolerant product
741,Holiday Escapes - Issue 8,Reactive 24hour customer loyalty
742,Holiday Escapes - Issue 7,Face-to-face analyzing Local Area Network
743,Holiday Escapes - Issue 10,Programmable bi-directional secured line
744,Holiday Escapes - Issue 12,Public-key web-enabled archive
745,Holiday Escapes - Issue 11,Operative regional firmware
746,Holiday Escapes - Issue 3,Automated needs-based capability
747,Holiday Escapes - Issue 12,De-engineered hybrid project
748,Holiday Escapes - Issue 3,Profit-focused system-worthy leverage
749,Holiday Escapes - Issue 3,Monitored holistic system engine
750,Holiday Escapes - Issue 8,Multi-channeled human-resource task-force
751,Holiday Escapes - Issue 8,Inverse mobile emulation
752,Holiday Escapes - Issue 4,Horizontal attitude-oriented toolset
753,Holiday Escapes - Issue 12,Networked needs-based installation
754,Holiday Escapes - Issue 12,Networked intangible info-mediaries
755,Holiday Escapes - Issue 10,Integrated multi-state solution
756,Holiday Escapes - Issue 6,Reverse-engineered leadingedge help-desk
757,Holiday Escapes - Issue 4,Horizontal fault-tolerant infrastructure
758,Holiday Escapes - Issue 2,Configurable modular knowledge user
759,Holiday Escapes - Issue 4,Quality-focused asymmetric circuit
760,Holiday Escapes - Issue 10,Persistent upward-trending hardware
761,Holiday Escapes - Issue 9,Polarized fault-tolerant throughput
762,Holiday Escapes - Issue 6,Reverse-engineered holistic info-mediaries
763,Holiday Escapes - Issue 4,Persistent upward-trending hardware
764,Holiday Escapes - Issue 12,Extended dynamic help-desk
765,Holiday Escapes - Issue 9,Secured object-oriented firmware
766,Holiday Escapes - Issue 5,Configurable modular knowledge user
767,Holiday Escapes - Issue 9,Advanced cohesive parallelism
768,Holiday Escapes - Issue 9,Visionary optimal approach
769,Holiday Escapes - Issue 9,Cloned executive software
770,Holiday Escapes - Issue 5,Extended dynamic help-desk
771,Holiday Escapes - Issue 1,Diverse analyzing product
772,Holiday Escapes - Issue 10,Versatile client-driven secured line
773,Holiday Escapes - Issue 10,Proactive neutral standardization
774,Holiday Escapes - Issue 5,Decentralized empowering function
775,Holiday Escapes - Issue 9,Customizable context-sensitive process improvement
776,Holiday Escapes - Issue 4,Robust grid-enabled software
777,Holiday Escapes - Issue 4,Phased 24hour model
778,Holiday Escapes - Issue 7,Pre-emptive dedicated monitoring
779,Holiday Escapes - Issue 10,Configurable systematic help-desk
780,Holiday Escapes - Issue 10,Monitored multi-tasking system engine
781,Holiday Escapes - Issue 6,Intuitive didactic attitude
782,Holiday Escapes - Issue 2,Programmable bi-directional secured line
783,Holiday Escapes - Issue 9,Automated 3rdgeneration intranet
784,Holiday Escapes - Issue 7,Front-line context-sensitive customer loyalty
785,Holiday Escapes - Issue 6,Optional static solution
786,Holiday Escapes - Issue 5,Multi-tiered national circuit
787,Holiday Escapes - Issue 9,Expanded high-level website
788,Holiday Escapes - Issue 1,Universal reciprocal Graphical User Interface
789,Holiday Escapes - Issue 12,De-engineered neutral support
790,Holiday Escapes - Issue 10,Streamlined human-resource utilization
791,Holiday Escapes - Issue 11,Open-source systemic hierarchy
792,Holiday Escapes - Issue 1,Monitored multi-tasking system engine
793,Holiday Escapes - Issue 4,Function-based 24/7 middleware
794,Holiday Escapes - Issue 6,Synchronized 3rdgeneration process improvement
795,Holiday Escapes - Issue 4,Expanded systematic core
796,Holiday Escapes - Issue 8,Open-source dedicated firmware
797,Holiday Escapes - Issue 7,Profound optimizing framework
798,Holiday Escapes - Issue 7,Managed bifurcated definition
799,Holiday Escapes - Issue 11,Balanced exuding parallelism
800,Holiday Escapes - Issue 11,Proactive local support
801,Holiday Escapes - Issue 3,Synchronized transitional contingency
802,Holiday Escapes - Issue 1,Versatile client-driven secured line
803,Holiday Escapes - Issue 11,Versatile exuding support
804,Holiday Escapes - Issue 5,Future-proofed heuristic support
805,Holiday Escapes - Issue 7,Public-key disintermediate contingency
806,Holiday Escapes - Issue 8,Future-proofed background success
807,Holiday Escapes - Issue 9,Synchronized transitional contingency
808,Holiday Escapes - Issue 12,Cross-platform asynchronous instruction set
809,Holiday Escapes - Issue 11,Quality-focused 3rdgeneration focus group
810,Holiday Escapes - Issue 4,Assimilated value-added projection
811,Holiday Escapes - Issue 1,Progressive encompassing hardware
812,Holiday Escapes - Issue 6,Configurable systematic help-desk
813,Holiday Escapes - Issue 12,Multi-tiered national circuit
814,Holiday Escapes - Issue 4,Cloned executive software
815,Holiday Escapes - Issue 10,Optional bi-directional product
816,Holiday Escapes - Issue 10,Enhanced human-resource open system
817,Holiday Escapes - Issue 2,Customer-focused intangible service-desk
818,Holiday Escapes - Issue 3,Phased system-worthy open system
819,Holiday Escapes - Issue 3,Adaptive multi-tasking throughput
820,Holiday Escapes - Issue 11,De-engineered neutral support
821,Holiday Escapes - Issue 12,Optional static solution
822,Holiday Escapes - Issue 9,Streamlined zero administration website
823,Holiday Escapes - Issue 9,Focused client-server Graphic Interface
824,Holiday Escapes - Issue 10,Customizable context-sensitive process improvement
825,Holiday Escapes - Issue 11,Adaptive multi-tasking throughput
826,Holiday Escapes - Issue 12,Virtual actuating product
827,Holiday Escapes - Issue 3,De-engineered asymmetric leverage
828,Holiday Escapes - Issue 11,Devolved zero administration hierarchy
829,Holiday Escapes - Issue 7,Customizable zero-defect strategy
830,Holiday Escapes - Issue 3,Intuitive didactic attitude
831,Holiday Escapes - Issue 10,Networked optimal secured line
832,Holiday Escapes - Issue 10,Team-oriented hybrid capability
833,Holiday Escapes - Issue 11,Function-based 24/7 middleware
834,Holiday Escapes - Issue 8,Horizontal systemic parallelism
835,Holiday Escapes - Issue 9,Reverse-engineered maximized software
836,Holiday Escapes - Issue 10,Open-source needs-based alliance
837,Holiday Escapes - Issue 3,Innovative client-driven extranet
838,Holiday Escapes - Issue 6,Intuitive didactic forecast
839,Holiday Escapes - Issue 12,Synergized cohesive service-desk
840,Holiday Escapes - Issue 12,Universal dedicated toolset
841,Holiday Escapes - Issue 2,Business-focused global architecture
842,Holiday Escapes - Issue 6,Networked intangible info-mediaries
843,Holiday Escapes - Issue 7,Organic asynchronous knowledgebase
844,Holiday Escapes - Issue 9,De-engineered full-range frame
845,Holiday Escapes - Issue 3,Assimilated disintermediate product
846,Holiday Escapes - Issue 1,Synchronized 3rdgeneration process improvement
847,Holiday Escapes - Issue 3,Synergized executive complexity
848,Holiday Escapes - Issue 12,Innovative client-driven extranet
849,Holiday Escapes - Issue 5,Compatible zero administration instruction set
850,Holiday Escapes - Issue 5,Sharable stable data-warehouse
851,Holiday Escapes - Issue 3,Organic radical encryption
852,Holiday Escapes - Issue 5,Devolved zero administration hierarchy
853,Holiday Escapes - Issue 8,Networked didactic middleware
854,Holiday Escapes - Issue 11,Function-based empowering info-mediaries
855,Holiday Escapes - Issue 12,Ergonomic human-resource capacity
856,Holiday Escapes - Issue 1,Extended dynamic help-desk
857,Holiday Escapes - Issue 5,Networked didactic middleware
858,Holiday Escapes - Issue 8,Operative regional firmware
859,Holiday Escapes - Issue 12,Decentralized empowering function
860,Holiday Escapes - Issue 8,Managed composite database
861,Holiday Escapes - Issue 9,Multi-channeled eco-centric extranet
862,Holiday Escapes - Issue 2,Universal dedicated toolset
863,Holiday Escapes - Issue 1,Public-key disintermediate contingency
864,Holiday Escapes - Issue 3,Customizable uniform data-warehouse
865,Holiday Escapes - Issue 7,Digitized interactive implementation
866,Holiday Escapes - Issue 4,Managed composite database
867,Holiday Escapes - Issue 1,Fully-configurable impactful synergy
868,Holiday Escapes - Issue 12,Face-to-face analyzing Local Area Network
869,Holiday Escapes - Issue 3,Operative regional firmware
870,Holiday Escapes - Issue 1,Mandatory intermediate collaboration
871,Holiday Escapes - Issue 5,Streamlined zero administration website
872,Holiday Escapes - Issue 1,Centralized system-worthy system engine
873,Holiday Escapes - Issue 1,Integrated context-sensitive utilization
874,Holiday Escapes - Issue 11,Phased intermediate definition
875,Holiday Escapes - Issue 11,Optional grid-enabled knowledge user
876,Holiday Escapes - Issue 6,Automated needs-based capability
877,Holiday Escapes - Issue 8,Decentralized directional Graphical User Interface
878,Holiday Escapes - Issue 1,Monitored mobile attitude
879,Holiday Escapes - Issue 6,Versatile exuding support
880,Holiday Escapes - Issue 9,Fully-configurable impactful synergy
881,Holiday Escapes - Issue 9,Seamless multimedia parallelism
882,Holiday Escapes - Issue 1,Stand-alone fault-tolerant product
883,Holiday Escapes - Issue 9,Switchable asynchronous throughput
884,Holiday Escapes - Issue 3,Phased intermediate definition
885,Holiday Escapes - Issue 4,Persevering methodical definition
886,Holiday Escapes - Issue 3,Visionary systemic moderator
887,Holiday Escapes - Issue 4,Seamless high-level software
888,Holiday Escapes - Issue 4,Polarized mobile core
889,Holiday Escapes - Issue 9,Profound bi-directional toolset
890,Holiday Escapes - Issue 11,Programmable bottom-line access
891,Holiday Escapes - Issue 1,Phased 24hour model
892,Holiday Escapes - Issue 11,Automated needs-based capability
893,Holiday Escapes - Issue 10,De-engineered full-range frame
894,Holiday Escapes - Issue 7,De-engineered hybrid project
895,Holiday Escapes - Issue 5,Phased system-worthy open system
896,Holiday Escapes - Issue 11,Centralized discrete model
897,Holiday Escapes - Issue 11,Robust client-server intranet
898,Holiday Escapes - Issue 9,Quality-focused 3rdgeneration focus group
899,Holiday Escapes - Issue 12,Secured object-oriented firmware
900,Holiday Escapes - Issue 6,Front-line 24/7 utilization
901,Holiday Escapes - Issue 7,Ameliorated analyzing success
902,Holiday Escapes - Issue 10,Reactive zero-defect intranet
903,Holiday Escapes - Issue 11,Operative real-time firmware
904,Holiday Escapes - Issue 10,Decentralized demand-driven solution
905,Holiday Escapes - Issue 1,Enterprise-wide asynchronous service-desk
906,Holiday Escapes - Issue 1,Balanced exuding parallelism
907,Holiday Escapes - Issue 7,Programmable dedicated access
908,Holiday Escapes - Issue 9,Polarized mobile core
909,Holiday Escapes - Issue 10,Polarized non-volatile database
910,Holiday Escapes - Issue 12,Realigned actuating collaboration
911,Holiday Escapes - Issue 8,Optional fresh-thinking capacity
912,Holiday Escapes - Issue 11,Open-architected 5thgeneration orchestration
913,Holiday Escapes - Issue 10,Phased clear-thinking neural-net
914,Holiday Escapes - Issue 8,Cross-platform asynchronous instruction set
915,Holiday Escapes - Issue 8,Triple-buffered zero administration array
916,Holiday Escapes - Issue 3,Progressive 24/7 project
917,Holiday Escapes - Issue 11,Triple-buffered responsive info-mediaries
918,Holiday Escapes - Issue 12,Enhanced empowering forecast
919,Holiday Escapes - Issue 3,Front-line responsive matrix
920,Holiday Escapes - Issue 11,Reverse-engineered stable core
921,Holiday Escapes - Issue 9,Team-oriented hybrid capability
922,Holiday Escapes - Issue 7,Extended dynamic help-desk
923,Holiday Escapes - Issue 2,Persistent even-keeled superstructure
924,Holiday Escapes - Issue 2,Secured demand-driven toolset
925,Holiday Escapes - Issue 1,Realigned actuating collaboration
926,Holiday Escapes - Issue 8,Quality-focused asymmetric circuit
927,Holiday Escapes - Issue 5,Vision-oriented upward-trending product
928,Holiday Escapes - Issue 4,Function-based 4thgeneration functionalities
929,Holiday Escapes - Issue 7,Persistent upward-trending hardware
930,Holiday Escapes - Issue 4,Phased intermediate definition
931,Holiday Escapes - Issue 4,Secured content-based application
932,Holiday Escapes - Issue 1,Cross-platform asynchronous instruction set
933,Holiday Escapes - Issue 2,Grass-roots asynchronous implementation
934,Holiday Escapes - Issue 4,Team-oriented hybrid capability
935,Holiday Escapes - Issue 6,Robust modular data-warehouse
936,Holiday Escapes - Issue 6,Decentralized demand-driven solution
937,Holiday Escapes - Issue 12,Polarized non-volatile database
938,Holiday Escapes - Issue 10,Optimized mobile archive
939,Holiday Escapes - Issue 8,Expanded systematic core
940,Holiday Escapes - Issue 7,Object-based client-server capability
941,Holiday Escapes - Issue 5,Enterprise-wide asynchronous service-desk
942,Holiday Escapes - Issue 8,Self-enabling 5thgeneration orchestration
943,Holiday Escapes - Issue 7,Advanced heuristic archive
944,Holiday Escapes - Issue 9,Inverse 24/7 migration
945,Holiday Escapes - Issue 5,Vision-oriented fault-tolerant analyzer
946,Holiday Escapes - Issue 9,De-engineered asymmetric leverage
947,Holiday Escapes - Issue 4,Visionary systemic moderator
948,Holiday Escapes - Issue 5,Open-source needs-based alliance
949,Holiday Escapes - Issue 12,Profound bi-directional toolset
950,Holiday Escapes - Issue 6,Seamless high-level software
951,Holiday Escapes - Issue 9,Open-source systemic hierarchy
952,Holiday Escapes - Issue 3,Streamlined zero-defect product
953,Holiday Escapes - Issue 10,Switchable asynchronous throughput
954,Holiday Escapes - Issue 10,Universal directional parallelism
955,Holiday Escapes - Issue 7,Phased clear-thinking neural-net
956,Holiday Escapes - Issue 3,Enterprise-wide 5thgeneration throughput
957,Holiday Escapes - Issue 9,Visionary systemic moderator
958,Holiday Escapes - Issue 6,Seamless context-sensitive project
959,Holiday Escapes - Issue 6,Business-focused intangible middleware
960,Holiday Escapes - Issue 10,De-engineered hybrid project
961,Holiday Escapes - Issue 10,Extended dynamic help-desk
962,Holiday Escapes - Issue 5,Managed bifurcated definition
963,Holiday Escapes - Issue 6,Future-proofed reciprocal website
964,Holiday Escapes - Issue 6,Reverse-engineered stable data-warehouse
965,Holiday Escapes - Issue 7,Networked optimal secured line
966,Holiday Escapes - Issue 3,Monitored multi-tasking system engine
967,Holiday Escapes - Issue 1,Distributed heuristic open system
968,Holiday Escapes - Issue 12,Programmable bottom-line access
969,Holiday Escapes - Issue 7,Enhanced human-resource open system
970,Holiday Escapes - Issue 9,Stand-alone human-resource circuit
971,Holiday Escapes - Issue 5,Enterprise-wide 5thgeneration throughput
972,Holiday Escapes - Issue 6,Front-line executive monitoring
973,Holiday Escapes - Issue 5,Intuitive 24/7 extranet
974,Holiday Escapes - Issue 11,Future-proofed heuristic support
975,Holiday Escapes - Issue 9,Implemented national utilization
976,Holiday Escapes - Issue 8,Persistent even-keeled superstructure
977,Holiday Escapes - Issue 8,Automated explicit instruction set
978,Holiday Escapes - Issue 1,Seamless multimedia parallelism
979,Holiday Escapes - Issue 1,Proactive neutral standardization
980,Holiday Escapes - Issue 5,Organic radical encryption
981,Holiday Escapes - Issue 5,Multi-channeled eco-centric extranet
982,Holiday Escapes - Issue 11,Streamlined human-resource utilization
983,Holiday Escapes - Issue 8,Distributed solution-oriented focus group
984,Holiday Escapes - Issue 4,Networked didactic middleware
985,Holiday Escapes - Issue 3,Future-proofed heuristic support
986,Holiday Escapes - Issue 11,Proactive neutral standardization
987,Holiday Escapes - Issue 8,Open-source systemic hierarchy
988,Holiday Escapes - Issue 3,Virtual tertiary data-warehouse
989,Holiday Escapes - Issue 7,Implemented national utilization
990,Holiday Escapes - Issue 5,Secured content-based application
991,Holiday Escapes - Issue 1,Business-focused global architecture
992,Holiday Escapes - Issue 7,Front-line 24/7 utilization
993,Holiday Escapes - Issue 11,Profound optimizing framework
994,Holiday Escapes - Issue 12,Grass-roots object-oriented ability
995,Holiday Escapes - Issue 6,Vision-oriented actuating core
996,Holiday Escapes - Issue 10,Advanced cohesive parallelism
997,Holiday Escapes - Issue 11,Automated explicit instruction set
998,Holiday Escapes - Issue 1,Virtual tertiary data-warehouse
999,Holiday Escapes - Issue 5,Polarized fault-tolerant throughput
1000,Holiday Escapes - Issue 8,Optional static solution
