Name,Package,Partner
1,Inverse mobile emulation,Stout-Hull
2,Enhanced clear-thinking encryption,Hughes PLC
3,Multi-lateral directional moderator,"Smith, Rivera and Nguyen"
4,Inverse mobile emulation,"Novak, Haynes and White"
5,Customizable zero-defect strategy,"Pierce, Newman and Sherman"
6,Team-oriented hybrid capability,Martin PLC
7,Self-enabling 5thgeneration orchestration,"Rodriguez, Rogers and White"
8,Seamless high-level software,"Pierce, Newman and Sherman"
9,Automated needs-based capability,Lutz-Howell
10,Organic real-time open system,Jackson Ltd
11,Focused client-server Graphic Interface,Ryan-Hill
12,Optimized mobile archive,Jackson Ltd
13,Future-proofed object-oriented orchestration,Ross LLC
14,Focused mobile software,Yoder LLC
15,Assimilated disintermediate product,"Nelson, Mendoza and Williams"
16,Intuitive even-keeled initiative,Thompson and Sons
17,Business-focused system-worthy artificial intelligence,Ryan-Hill
18,Inverse mobile emulation,"Pierce, Newman and Sherman"
19,De-engineered asymmetric leverage,"Martinez, Douglas and Moore"
20,Networked optimal secured line,"Owens, Wolf and Stephens"
21,Triple-buffered responsive info-mediaries,West-Donovan
22,Implemented transitional installation,"Nelson, Mendoza and Williams"
23,De-engineered hybrid project,Martin Airline
24,Automated 3rdgeneration intranet,"Sullivan, Potts and Ramos"
25,Visionary optimal approach,"Hinton, Turner and Rose"
26,Universal reciprocal Graphical User Interface,Jackson Ltd
27,Public-key web-enabled archive,Green-Montoya
28,Open-architected 5thgeneration orchestration,Wallace-Marsh
29,Reduced intermediate flexibility,Stout-Hull
30,Switchable asynchronous throughput,"Jackson, Lawson and Evans"
31,Secured demand-driven toolset,Harper PLC
32,Organized human-resource alliance,"Hinton, Turner and Rose"
33,De-engineered full-range frame,Benton-Montgomery
34,Reverse-engineered stable core,"Hinton, Turner and Rose"
35,Stand-alone fault-tolerant product,Jackson Ltd
36,Focused client-server Graphic Interface,Harper PLC
37,Profound optimizing framework,"Novak, Haynes and White"
38,Synergistic 6thgeneration analyzer,Todd-Gardner
39,Digitized interactive implementation,Martin Airline
40,Face-to-face analyzing Local Area Network,West-Donovan
41,Face-to-face exuding product,Stout-Hull
42,De-engineered multi-tasking software,"Rodriguez, Rogers and White"
43,Grass-roots object-oriented ability,Green-Montoya
44,Function-based empowering info-mediaries,Ross LLC
45,Synergized cohesive service-desk,"Rodriguez, Rogers and White"
46,Profit-focused system-worthy leverage,Green-Montoya
47,Face-to-face exuding product,Woods PLC
48,Cloned executive software,Wallace-Marsh
49,Digitized exuding database,Santos Ltd
50,Networked didactic middleware,"Hinton, Turner and Rose"
51,Proactive neutral standardization,Mclean-Smith
52,Upgradable system-worthy adapter,Lutz-Howell
53,Monitored mobile attitude,Martin PLC
54,Centralized empowering data-warehouse,"Martinez, Douglas and Moore"
55,Robust full-range encoding,Thompson PLC
56,Intuitive didactic forecast,Green-Montoya
57,Vision-oriented upward-trending product,Thompson PLC
58,Phased clear-thinking neural-net,Mccarty Group
59,Seamless high-level software,Mclean-Smith
60,Expanded systematic core,Mclean-Smith
61,Versatile exuding support,"Sullivan, Potts and Ramos"
62,Fully-configurable attitude-oriented policy,Jones and Sons
63,Enhanced real-time Graphical User Interface,West-Donovan
64,Quality-focused 24/7 firmware,Stout-Hull
65,Enhanced real-time Graphical User Interface,"Dixon, King and Hayden"
66,Optimized mobile archive,"Becker, Conner and Campbell"
67,Customizable uniform data-warehouse,Todd-Gardner
68,Front-line maximized benchmark,"Rodriguez, Rogers and White"
69,Decentralized stable groupware,Daniels and Sons
70,Seamless multimedia parallelism,"Farley, Martin and Hall"
71,Horizontal attitude-oriented toolset,Wallace-Marsh
72,Triple-buffered zero administration array,Benton-Montgomery
73,Expanded radical knowledgebase,Jones and Sons
74,Focused client-server Graphic Interface,"Nelson, Mendoza and Williams"
75,Networked optimal secured line,Lutz-Howell
76,Synchronized transitional contingency,"Becker, Conner and Campbell"
77,Business-focused global architecture,Patrick PLC
78,Balanced exuding parallelism,"Nelson, Mendoza and Williams"
79,Optional actuating challenge,Martin PLC
80,Enhanced real-time Graphical User Interface,Harper PLC
81,Persevering modular portal,Daniels and Sons
82,Multi-lateral directional moderator,Thompson and Sons
83,De-engineered neutral support,Stout-Hull
84,Enterprise-wide asynchronous service-desk,Stout-Hull
85,Devolved zero administration hierarchy,"Hinton, Turner and Rose"
86,De-engineered neutral support,"Martinez, Douglas and Moore"
87,Front-line maximized benchmark,"Nelson, Mendoza and Williams"
88,De-engineered neutral support,West-Donovan
89,Front-line executive monitoring,Ryan-Hill
90,Persevering modular portal,Santos Ltd
91,Function-based 24/7 middleware,"Hall, Zimmerman and Parker"
92,Advanced cohesive parallelism,"Obrien, Moses and Perez"
93,Advanced executive adapter,Woods Ltd
94,Implemented national utilization,Jackson Ltd
95,Digitized exuding database,Todd-Gardner
96,Organic asynchronous knowledgebase,"Hall, Zimmerman and Parker"
97,Decentralized grid-enabled interface,"Owens, Wolf and Stephens"
98,Configurable modular knowledge user,Ryan-Hill
99,Pre-emptive dedicated monitoring,Santos Ltd
100,Synchronized transitional contingency,Wallace-Marsh
101,Face-to-face exuding product,Thompson and Sons
102,Secured demand-driven toolset,Mclean-Smith
103,Object-based client-server capability,Wallace-Marsh
104,Front-line 24/7 utilization,"Smith, Williams and Kramer"
105,Phased stable product,Smith and Sons
106,Customer-focused non-volatile paradigm,Mclean-Smith
107,Automated 3rdgeneration intranet,Green-Montoya
108,Persistent clear-thinking software,"Smith, Rivera and Nguyen"
109,Triple-buffered responsive info-mediaries,Harper PLC
110,Polarized non-volatile database,Jones and Sons
111,Intuitive didactic attitude,Mccarty Group
112,Optimized mobile archive,"Nelson, Mendoza and Williams"
113,Triple-buffered responsive info-mediaries,Nelson-Lopez
114,Robust full-range encoding,Woods Ltd
115,Programmable bottom-line access,"Hinton, Turner and Rose"
116,Multi-tiered national circuit,"Davis, Wood and Richardson"
117,Front-line 24/7 utilization,"Nelson, Mendoza and Williams"
118,Profound bi-directional toolset,Thompson and Sons
119,Optional grid-enabled knowledge user,"Hall, Zimmerman and Parker"
120,Optimized mobile archive,"Hinton, Turner and Rose"
121,Grass-roots asynchronous implementation,Martin PLC
122,Automated explicit instruction set,Martin PLC
123,Horizontal systemic parallelism,"Jackson, Lawson and Evans"
124,Networked intangible info-mediaries,"Sullivan, Potts and Ramos"
125,Front-line context-sensitive customer loyalty,"Nelson, Mendoza and Williams"
126,Robust client-server intranet,"Young, Carpenter and Mcintosh"
127,Enhanced empowering forecast,"Dixon, King and Hayden"
128,Organized even-keeled utilization,Mclean-Smith
129,Reverse-engineered holistic info-mediaries,Wallace-Marsh
130,Mandatory demand-driven Graphic Interface,Patrick PLC
131,Cross-platform asynchronous instruction set,Stout-Hull
132,Extended dynamic help-desk,Harper PLC
133,Sharable stable data-warehouse,Green-Montoya
134,Reactive zero-defect intranet,Stout-Hull
135,Advanced executive adapter,Mclean-Smith
136,Sharable radical throughput,Smith and Sons
137,Horizontal fault-tolerant infrastructure,"Obrien, Moses and Perez"
138,Streamlined human-resource utilization,"Hall, Zimmerman and Parker"
139,Distributed 3rdgeneration array,Nelson-Lopez
140,Customizable zero-defect strategy,"Martinez, Douglas and Moore"
141,Quality-focused 24/7 firmware,"Hall, Zimmerman and Parker"
142,Proactive 4thgeneration hardware,Mclean-Smith
143,Networked didactic middleware,"Dixon, King and Hayden"
144,Triple-buffered responsive info-mediaries,Green-Montoya
145,Vision-oriented actuating core,Smith and Sons
146,Compatible systematic project,Jones and Sons
147,Multi-channeled neutral superstructure,"Dixon, King and Hayden"
148,Optional static solution,"Young, Carpenter and Mcintosh"
149,Automated needs-based capability,"Jackson, Lawson and Evans"
150,Robust modular data-warehouse,Smith and Sons
151,Triple-buffered responsive info-mediaries,Ryan-Hill
152,Function-based 24/7 middleware,Daniels and Sons
153,Open-source systemic hierarchy,"Farley, Martin and Hall"
154,Synergized transitional access,Stout-Hull
155,Streamlined human-resource utilization,"Dixon, King and Hayden"
156,Pre-emptive dedicated monitoring,Benton-Montgomery
157,Phased intermediate definition,Hughes PLC
158,Universal directional parallelism,Stout-Hull
159,User-friendly explicit artificial intelligence,Williams Group
160,Persistent upward-trending hardware,Wallace-Marsh
161,Quality-focused 3rdgeneration focus group,"Hall, Zimmerman and Parker"
162,Proactive local support,Benton-Montgomery
163,Universal directional parallelism,"Obrien, Moses and Perez"
164,Expanded radical knowledgebase,Jackson Ltd
165,Customer-focused coherent portal,Lopez-Carney
166,Networked didactic middleware,Nelson-Lopez
167,Organized human-resource alliance,Lopez-Carney
168,Decentralized demand-driven solution,"Davis, Wood and Richardson"
169,De-engineered hybrid project,Wallace-Marsh
170,Organic real-time open system,Smith and Sons
171,Proactive 4thgeneration hardware,Stout-Hull
172,Front-line executive monitoring,Martin PLC
173,Robust maximized Graphical User Interface,"Hall, Zimmerman and Parker"
174,Public-key disintermediate contingency,Woods PLC
175,Robust client-server intranet,Stout-Hull
176,Streamlined human-resource utilization,Ryan-Hill
177,Optional bi-directional product,"Pierce, Newman and Sherman"
178,Vision-oriented upward-trending product,Ryan-Hill
179,Reverse-engineered maximized software,Woods Ltd
180,Profound bi-directional toolset,Ryan-Hill
181,Up-sized scalable frame,Lutz-Howell
182,Decentralized stable groupware,Lutz-Howell
183,Advanced executive adapter,"Nelson, Mendoza and Williams"
184,Devolved zero administration hierarchy,Green-Montoya
185,Intuitive didactic forecast,"Sullivan, Potts and Ramos"
186,Enhanced empowering forecast,Yoder LLC
187,Automated needs-based capability,"Nelson, Mendoza and Williams"
188,Cross-group global complexity,"Morales, Bentley and Bowman"
189,Monitored multi-tasking system engine,Thompson and Sons
190,User-centric explicit application,"Smith, Williams and Kramer"
191,Diverse analyzing product,Wallace-Marsh
192,Multi-channeled human-resource task-force,"Davis, Wood and Richardson"
193,Managed composite database,"Owens, Wolf and Stephens"
194,Proactive neutral standardization,Mccarty Group
195,Persistent upward-trending hardware,Stout-Hull
196,Intuitive didactic attitude,Wallace-Marsh
197,Focused mission-critical approach,"Young, Carpenter and Mcintosh"
198,Vision-oriented actuating core,Ryan-Hill
199,Proactive local support,Wallace-Marsh
200,Sharable radical throughput,Lutz-Howell
201,Persistent optimizing access,"Smith, Williams and Kramer"
202,Profit-focused system-worthy leverage,Woods PLC
203,Polarized mobile core,Lutz-Howell
204,Centralized didactic structure,Stout-Hull
205,Configurable modular knowledge user,"Obrien, Moses and Perez"
206,Future-proofed object-oriented orchestration,Hughes PLC
207,Robust uniform adapter,Todd-Gardner
208,Programmable empowering functionalities,"Nelson, Mendoza and Williams"
209,Enhanced empowering forecast,Woods Ltd
210,Enterprise-wide 6thgeneration flexibility,Santos Ltd
211,Enhanced human-resource open system,Thompson PLC
212,Persistent even-keeled superstructure,Lopez-Carney
213,Ameliorated analyzing success,"Hall, Zimmerman and Parker"
214,Integrated context-sensitive utilization,Martin PLC
215,Triple-buffered responsive info-mediaries,Woods Ltd
216,Optimized mobile archive,Martin PLC
217,Customer-focused leadingedge contingency,Harper PLC
218,Open-architected 5thgeneration orchestration,"Nelson, Mendoza and Williams"
219,Future-proofed object-oriented orchestration,"Novak, Haynes and White"
220,Configurable modular knowledge user,Martin PLC
221,Stand-alone non-volatile infrastructure,Jones and Sons
222,Enhanced real-time Graphical User Interface,Ross LLC
223,Operative regional firmware,Daniels and Sons
224,Persistent upward-trending hardware,"Jackson, Lawson and Evans"
225,Decentralized stable groupware,Thompson and Sons
226,Secured object-oriented firmware,Ferguson-Gibson
227,Advanced cohesive parallelism,Woods PLC
228,User-friendly explicit artificial intelligence,Santos Ltd
229,Multi-tiered demand-driven hierarchy,Jones and Sons
230,Synchronized 3rdgeneration process improvement,Benton-Montgomery
231,Phased stable product,Jackson Ltd
232,Ergonomic human-resource capacity,Thompson and Sons
233,Monitored mobile attitude,Nelson-Lopez
234,Robust maximized Graphical User Interface,Harper PLC
235,Optional grid-enabled knowledge user,Mclean-Smith
236,Focused mission-critical approach,Wallace-Marsh
237,User-centric explicit application,"Nelson, Mendoza and Williams"
238,Object-based client-server capability,Ryan-Hill
239,Customer-focused zero-defect Internet solution,"Owens, Wolf and Stephens"
240,Self-enabling 5thgeneration orchestration,"Davis, Wood and Richardson"
241,Optional fresh-thinking capacity,Lopez-Carney
242,Optional actuating challenge,Jackson Ltd
243,Versatile client-driven secured line,Ryan-Hill
244,Seamless high-level software,Martin Airline
245,Automated 3rdgeneration intranet,"Smith, Williams and Kramer"
246,Customer-focused foreground groupware,Harper PLC
247,Integrated demand-driven interface,Todd-Gardner
248,Digitized interactive implementation,Hughes PLC
249,Public-key web-enabled archive,Williams Group
250,Intuitive didactic attitude,"Jackson, Lawson and Evans"
251,Virtual solution-oriented array,"Davis, Wood and Richardson"
252,Universal reciprocal Graphical User Interface,"Nelson, Mendoza and Williams"
253,Automated explicit instruction set,Jones and Sons
254,Integrated tangible capacity,"Nelson, Mendoza and Williams"
255,Quality-focused 3rdgeneration focus group,Lopez-Carney
256,Self-enabling 5thgeneration orchestration,Todd-Gardner
257,Monitored asynchronous budgetary management,Hughes PLC
258,Streamlined human-resource utilization,Ross LLC
259,Enhanced empowering forecast,"Nelson, Mendoza and Williams"
260,Centralized empowering data-warehouse,Martin PLC
261,Multi-channeled human-resource task-force,Stout-Hull
262,Front-line responsive matrix,Santos Ltd
263,Business-focused global architecture,Harper PLC
264,Persistent optimizing access,Mclean-Smith
265,Phased intermediate definition,"Owens, Wolf and Stephens"
266,Expanded radical knowledgebase,"Sullivan, Potts and Ramos"
267,Multi-tiered national circuit,Jones and Sons
268,Versatile exuding support,West-Donovan
269,Organic asynchronous knowledgebase,Thompson PLC
270,Phased clear-thinking neural-net,"Hall, Zimmerman and Parker"
271,Enhanced clear-thinking encryption,"Smith, Williams and Kramer"
272,Customer-focused intangible service-desk,"Morales, Bentley and Bowman"
273,Face-to-face exuding product,"Martinez, Douglas and Moore"
274,Open-source systemic hierarchy,Mccarty Group
275,Mandatory demand-driven Graphic Interface,Daniels and Sons
276,Sharable stable data-warehouse,"Rodriguez, Rogers and White"
277,Proactive 4thgeneration hardware,Woods Ltd
278,Quality-focused 3rdgeneration focus group,Martin PLC
279,De-engineered full-range frame,Todd-Gardner
280,Intuitive even-keeled initiative,Martin PLC
281,Vision-oriented actuating core,"Obrien, Moses and Perez"
282,Profit-focused system-worthy leverage,"Morales, Bentley and Bowman"
283,Open-source systemic hierarchy,"Smith, Williams and Kramer"
284,Seamless high-level software,"Smith, Williams and Kramer"
285,Cloned executive software,Thompson and Sons
286,Persevering methodical definition,West-Donovan
287,Automated 3rdgeneration intranet,Santos Ltd
288,Secured demand-driven toolset,West-Donovan
289,Optional fresh-thinking capacity,"Owens, Wolf and Stephens"
290,Triple-buffered zero administration array,Ferguson-Gibson
291,Assimilated value-added projection,West-Donovan
292,Digitized interactive implementation,Ferguson-Gibson
293,Business-focused system-worthy artificial intelligence,"Hall, Zimmerman and Parker"
294,Triple-buffered zero administration array,Ross LLC
295,Managed composite database,"Dixon, King and Hayden"
296,De-engineered multi-tasking software,"Dixon, King and Hayden"
297,Stand-alone non-volatile infrastructure,Ross LLC
298,Expanded systematic core,Smith and Sons
299,Organized even-keeled utilization,"Morales, Bentley and Bowman"
300,Vision-oriented upward-trending product,"Davis, Wood and Richardson"
301,Organized human-resource alliance,Green-Montoya
302,Stand-alone human-resource circuit,Jackson Ltd
303,Assimilated logistical installation,Smith and Sons
304,Vision-oriented upward-trending product,Daniels and Sons
305,User-centric explicit application,"Hinton, Turner and Rose"
306,Business-focused global architecture,Ross LLC
307,Versatile exuding support,Jackson Ltd
308,Implemented national utilization,Ross LLC
309,Reverse-engineered stable core,"Novak, Haynes and White"
310,Customizable zero-defect strategy,Wallace-Marsh
311,Phased intermediate definition,Lopez-Carney
312,Distributed 3rdgeneration array,"Pierce, Newman and Sherman"
313,Proactive neutral standardization,Yoder LLC
314,Progressive encompassing hardware,Williams-Delacruz
315,Up-sized scalable frame,Todd-Gardner
316,Configurable maximized open architecture,Stout-Hull
317,Integrated context-sensitive utilization,"Novak, Haynes and White"
318,Secured object-oriented firmware,"Obrien, Moses and Perez"
319,Front-line context-sensitive customer loyalty,West-Donovan
320,Automated needs-based capability,Martin PLC
321,Robust full-range encoding,"Jackson, Lawson and Evans"
322,Customer-focused leadingedge contingency,Benton-Montgomery
323,Decentralized stable groupware,Lopez-Carney
324,Fully-configurable attitude-oriented policy,"Smith, Williams and Kramer"
325,De-engineered multi-tasking software,Smith and Sons
326,Stand-alone non-volatile infrastructure,"Becker, Conner and Campbell"
327,Persistent optimizing access,"Novak, Haynes and White"
328,Organic radical encryption,Woods Ltd
329,Stand-alone real-time product,Hughes PLC
330,Function-based empowering info-mediaries,Benton-Montgomery
331,Progressive encompassing hardware,Green-Montoya
332,Programmable bottom-line access,Mclean-Smith
333,Self-enabling 5thgeneration orchestration,Thompson and Sons
334,Multi-channeled human-resource task-force,"Smith, Williams and Kramer"
335,Seamless high-level software,"Novak, Haynes and White"
336,Digitized interactive implementation,Williams Group
337,Multi-channeled neutral superstructure,"Smith, Williams and Kramer"
338,Enterprise-wide demand-driven circuit,Harper PLC
339,Synchronized 3rdgeneration process improvement,Wallace-Marsh
340,Focused client-server Graphic Interface,Ferguson-Gibson
341,Robust modular data-warehouse,Williams Group
342,Fully-configurable impactful synergy,Jackson Ltd
343,Enhanced real-time Graphical User Interface,"Morales, Bentley and Bowman"
344,Managed bifurcated definition,Martin PLC
345,Polarized mobile core,"Dixon, King and Hayden"
346,Seamless intangible help-desk,West-Donovan
347,Programmable empowering functionalities,Jackson Ltd
348,Optional static solution,Mccarty Group
349,Horizontal attitude-oriented toolset,"Hall, Zimmerman and Parker"
350,Progressive encompassing hardware,"Farley, Martin and Hall"
351,Customer-focused coherent portal,Hughes PLC
352,Decentralized demand-driven solution,"Morales, Bentley and Bowman"
353,Universal dedicated toolset,Williams Group
354,Balanced exuding parallelism,Woods Ltd
355,Cross-group global complexity,"Hall, Zimmerman and Parker"
356,Synergistic 6thgeneration analyzer,Martin PLC
357,Multi-tiered demand-driven hierarchy,Martin PLC
358,Distributed solution-oriented focus group,Martin PLC
359,Focused mission-critical approach,"Hinton, Turner and Rose"
360,Fully-configurable impactful synergy,"Becker, Conner and Campbell"
361,Versatile exuding support,"Martinez, Douglas and Moore"
362,Enhanced empowering forecast,Mclean-Smith
363,Customer-focused zero-defect Internet solution,Martin PLC
364,Function-based 24/7 middleware,Mccarty Group
365,Networked intangible info-mediaries,"Becker, Conner and Campbell"
366,Compatible systematic project,Hughes PLC
367,Down-sized upward-trending extranet,Woods PLC
368,Streamlined human-resource utilization,Benton-Montgomery
369,Phased system-worthy open system,Nelson-Lopez
370,Reverse-engineered holistic info-mediaries,"Davis, Wood and Richardson"
371,Reverse-engineered maximized software,"Becker, Conner and Campbell"
372,Configurable modular knowledge user,"Becker, Conner and Campbell"
373,Quality-focused 3rdgeneration focus group,Ferguson-Gibson
374,Centralized system-worthy system engine,"Jackson, Lawson and Evans"
375,Programmable empowering functionalities,"Pierce, Newman and Sherman"
376,Cross-group global complexity,Benton-Montgomery
377,De-engineered multi-tasking software,Stout-Hull
378,Enterprise-wide 6thgeneration flexibility,Thompson and Sons
379,Seamless intangible help-desk,"Novak, Haynes and White"
380,Multi-channeled eco-centric extranet,"Jackson, Lawson and Evans"
381,Synergistic cohesive pricing structure,Williams-Delacruz
382,Managed composite database,Lopez-Carney
383,Intuitive didactic attitude,Green-Montoya
384,Synergized cohesive service-desk,"Morales, Bentley and Bowman"
385,Horizontal fault-tolerant infrastructure,Martin PLC
386,Digitized exuding database,Wallace-Marsh
387,Robust maximized Graphical User Interface,"Martinez, Douglas and Moore"
388,Universal dedicated toolset,Jackson Ltd
389,Reactive zero-defect intranet,Williams Group
390,Mandatory demand-driven Graphic Interface,Ryan-Hill
391,Stand-alone fault-tolerant product,Ferguson-Gibson
392,Robust grid-enabled software,Jackson Ltd
393,Implemented national utilization,Patrick PLC
394,Polarized non-volatile database,Woods Ltd
395,Cross-platform asynchronous instruction set,Jones and Sons
396,Reverse-engineered maximized software,"Martinez, Douglas and Moore"
397,Configurable modular knowledge user,"Jackson, Lawson and Evans"
398,Versatile exuding support,Stout-Hull
399,Enterprise-wide 6thgeneration flexibility,"Jackson, Lawson and Evans"
400,Decentralized stable groupware,Thompson PLC
401,Advanced heuristic archive,Patrick PLC
402,Inverse mobile emulation,"Sullivan, Potts and Ramos"
403,Polarized fault-tolerant throughput,"Rodriguez, Rogers and White"
404,Optional grid-enabled knowledge user,Todd-Gardner
405,Customer-focused coherent portal,Green-Montoya
406,Customer-focused coherent portal,Ferguson-Gibson
407,Implemented transitional installation,"Young, Carpenter and Mcintosh"
408,Mandatory demand-driven Graphic Interface,"Sullivan, Potts and Ramos"
409,Compatible zero administration instruction set,"Jackson, Lawson and Evans"
410,Stand-alone non-volatile infrastructure,Woods Ltd
411,Organic real-time open system,"Becker, Conner and Campbell"
412,Assimilated executive flexibility,Daniels and Sons
413,Distributed heuristic open system,Jackson Ltd
414,Configurable systematic help-desk,"Jackson, Lawson and Evans"
415,Phased 24hour model,Patrick PLC
416,Vision-oriented actuating core,"Dixon, King and Hayden"
417,Focused mobile software,Jackson Ltd
418,Grass-roots global leverage,Wallace-Marsh
419,Organic real-time open system,Martin PLC
420,Quality-focused 24/7 firmware,"Becker, Conner and Campbell"
421,Quality-focused asymmetric circuit,Lutz-Howell
422,Stand-alone non-volatile infrastructure,Williams-Delacruz
423,Automated needs-based capability,Santos Ltd
424,Inverse 24/7 migration,Lutz-Howell
425,Enhanced real-time Graphical User Interface,"Smith, Williams and Kramer"
426,Pre-emptive stable help-desk,Jackson Ltd
427,Intuitive 24/7 extranet,Woods Ltd
428,Persevering methodical definition,Lopez-Carney
429,Operative neutral archive,Benton-Montgomery
430,Enhanced human-resource open system,Mccarty Group
431,Polarized mobile core,Martin PLC
432,Cross-group global complexity,"Farley, Martin and Hall"
433,Implemented national utilization,Benton-Montgomery
434,Balanced exuding parallelism,"Dixon, King and Hayden"
435,De-engineered static project,"Sullivan, Potts and Ramos"
436,Configurable modular knowledge user,Lopez-Carney
437,Phased 24hour model,Martin PLC
438,Function-based 4thgeneration functionalities,Santos Ltd
439,Multi-channeled human-resource task-force,Woods Ltd
440,Phased clear-thinking neural-net,"Jackson, Lawson and Evans"
441,Profound bi-directional toolset,Smith and Sons
442,Managed bifurcated definition,"Jackson, Lawson and Evans"
443,Centralized empowering data-warehouse,"Smith, Rivera and Nguyen"
444,Intuitive even-keeled initiative,"Smith, Williams and Kramer"
445,Secured content-based application,Benton-Montgomery
446,Polarized mobile core,"Farley, Martin and Hall"
447,De-engineered hybrid project,Stout-Hull
448,Adaptive multi-tasking throughput,Wallace-Marsh
449,Business-focused system-worthy artificial intelligence,"Jackson, Lawson and Evans"
450,Implemented transitional installation,"Owens, Wolf and Stephens"
451,Persistent upward-trending hardware,Lopez-Carney
452,Versatile exuding support,Woods Ltd
453,Synergistic 6thgeneration analyzer,Green-Montoya
454,Switchable asynchronous throughput,Ryan-Hill
455,Implemented national utilization,Ferguson-Gibson
456,Persistent clear-thinking software,"Pierce, Newman and Sherman"
457,Persistent even-keeled superstructure,Hughes PLC
458,Team-oriented hybrid capability,West-Donovan
459,Seamless high-level software,"Jackson, Lawson and Evans"
460,Reactive zero-defect intranet,Ross LLC
461,Multi-channeled human-resource task-force,"Rodriguez, Rogers and White"
462,Down-sized upward-trending extranet,Lopez-Carney
463,Quality-focused 24/7 firmware,Martin PLC
464,Monitored multi-tasking system engine,"Pierce, Newman and Sherman"
465,De-engineered static project,"Morales, Bentley and Bowman"
466,Profit-focused system-worthy leverage,Williams-Delacruz
467,Phased system-worthy open system,"Martinez, Douglas and Moore"
468,Intuitive didactic attitude,Yoder LLC
469,Phased intermediate definition,Martin Airline
470,Balanced exuding parallelism,Hughes PLC
471,Triple-buffered zero administration array,"Novak, Haynes and White"
472,Stand-alone non-volatile infrastructure,Yoder LLC
473,Upgradable system-worthy adapter,Mclean-Smith
474,Vision-oriented actuating core,Ferguson-Gibson
475,Decentralized empowering function,"Dixon, King and Hayden"
476,Robust maximized Graphical User Interface,Mclean-Smith
477,Optimized mobile archive,"Smith, Rivera and Nguyen"
478,Stand-alone real-time product,Ryan-Hill
479,Operative regional firmware,Martin PLC
480,Stand-alone real-time product,"Martinez, Douglas and Moore"
481,Profit-focused system-worthy leverage,Stout-Hull
482,Focused content-based workforce,Thompson PLC
483,Triple-buffered responsive info-mediaries,"Morales, Bentley and Bowman"
484,Operative real-time firmware,Wallace-Marsh
485,Universal directional parallelism,Ryan-Hill
486,Team-oriented fault-tolerant pricing structure,Wallace-Marsh
487,Streamlined zero administration website,Green-Montoya
488,Decentralized directional Graphical User Interface,Woods Ltd
489,Reverse-engineered maximized software,Yoder LLC
490,Enhanced empowering forecast,Jones and Sons
491,Function-based web-enabled Local Area Network,Green-Montoya
492,Front-line context-sensitive customer loyalty,Harper PLC
493,Implemented transitional installation,Ross LLC
494,Vision-oriented fault-tolerant analyzer,Jones and Sons
495,Organic real-time open system,Lutz-Howell
496,Vision-oriented fault-tolerant analyzer,"Nelson, Mendoza and Williams"
497,User-friendly explicit artificial intelligence,Thompson PLC
498,Open-source needs-based alliance,Todd-Gardner
499,Organized even-keeled utilization,Williams Group
500,Integrated context-sensitive utilization,Green-Montoya
501,Open-source dedicated firmware,Williams-Delacruz
502,Enterprise-wide 6thgeneration flexibility,Williams Group
503,Realigned actuating application,"Rodriguez, Rogers and White"
504,Universal directional parallelism,Ross LLC
505,Diverse analyzing product,Ross LLC
506,Visionary optimal approach,Ross LLC
507,Future-proofed object-oriented orchestration,Ferguson-Gibson
508,Streamlined zero administration website,"Martinez, Douglas and Moore"
509,Cross-platform asynchronous instruction set,Ferguson-Gibson
510,Profit-focused multi-tasking structure,Santos Ltd
511,Enhanced clear-thinking encryption,Ryan-Hill
512,Proactive 4thgeneration hardware,Santos Ltd
513,Proactive local support,Ross LLC
514,Versatile client-driven secured line,Smith and Sons
515,Enhanced clear-thinking encryption,"Smith, Rivera and Nguyen"
516,Optional actuating challenge,Smith and Sons
517,Intuitive didactic attitude,Jackson Ltd
518,Seamless multimedia parallelism,Martin PLC
519,Monitored multi-tasking system engine,Woods PLC
520,User-friendly explicit artificial intelligence,Yoder LLC
521,Configurable systematic help-desk,Mclean-Smith
522,Reverse-engineered stable core,Ferguson-Gibson
523,Multi-tiered demand-driven hierarchy,Ryan-Hill
524,Configurable maximized open architecture,"Morales, Bentley and Bowman"
525,Robust uniform adapter,"Nelson, Mendoza and Williams"
526,Fully-configurable attitude-oriented policy,"Davis, Wood and Richardson"
527,Grass-roots global leverage,Stout-Hull
528,Switchable asynchronous throughput,Thompson and Sons
529,Optional static solution,"Becker, Conner and Campbell"
530,Optimized mobile archive,Thompson PLC
531,Synergized transitional access,Daniels and Sons
532,Phased stable product,Williams-Delacruz
533,Cross-platform asynchronous instruction set,Smith and Sons
534,Operative regional firmware,"Martinez, Douglas and Moore"
535,Polarized non-volatile database,"Obrien, Moses and Perez"
536,Balanced exuding parallelism,"Rodriguez, Rogers and White"
537,Managed composite database,"Morales, Bentley and Bowman"
538,Automated 3rdgeneration intranet,Patrick PLC
539,De-engineered hybrid project,Ross LLC
540,Front-line context-sensitive customer loyalty,Lutz-Howell
541,Compatible zero administration instruction set,"Smith, Rivera and Nguyen"
542,Balanced exuding parallelism,Wallace-Marsh
543,Distributed heuristic open system,Smith and Sons
544,Synchronized transitional contingency,"Dixon, King and Hayden"
545,Multi-channeled eco-centric extranet,Smith and Sons
546,Customer-focused non-volatile paradigm,"Nelson, Mendoza and Williams"
547,Secured object-oriented firmware,Jones and Sons
548,Monitored leadingedge flexibility,Lutz-Howell
549,Stand-alone real-time product,Lutz-Howell
550,Enhanced human-resource open system,Green-Montoya
551,Proactive 4thgeneration hardware,Martin PLC
552,Monitored mobile attitude,"Davis, Wood and Richardson"
553,Programmable dedicated access,Ryan-Hill
554,Polarized non-volatile database,"Hinton, Turner and Rose"
555,Integrated multi-state solution,"Hall, Zimmerman and Parker"
556,Implemented transitional installation,"Smith, Williams and Kramer"
557,Object-based client-server capability,"Jackson, Lawson and Evans"
558,Open-source dedicated firmware,Ryan-Hill
559,Configurable systematic help-desk,Santos Ltd
560,Team-oriented fault-tolerant pricing structure,Mccarty Group
561,Profound bi-directional toolset,West-Donovan
562,Customer-focused leadingedge contingency,"Nelson, Mendoza and Williams"
563,Persistent optimizing access,"Young, Carpenter and Mcintosh"
564,Object-based client-server capability,Santos Ltd
565,Stand-alone fault-tolerant product,"Sullivan, Potts and Ramos"
566,Streamlined human-resource utilization,Woods PLC
567,Polarized mobile core,"Nelson, Mendoza and Williams"
568,Sharable stable data-warehouse,"Sullivan, Potts and Ramos"
569,Monitored asynchronous budgetary management,Woods PLC
570,Enhanced real-time Graphical User Interface,Woods PLC
571,Advanced heuristic archive,Harper PLC
572,De-engineered full-range frame,"Owens, Wolf and Stephens"
573,Centralized empowering data-warehouse,Williams Group
574,Advanced executive adapter,Daniels and Sons
575,Polarized non-volatile database,"Nelson, Mendoza and Williams"
576,Persevering modular portal,Ross LLC
577,Pre-emptive stable help-desk,Nelson-Lopez
578,Automated 3rdgeneration intranet,Smith and Sons
579,Reactive 24hour customer loyalty,Thompson PLC
580,Focused content-based workforce,Ryan-Hill
581,Horizontal fault-tolerant infrastructure,"Sullivan, Potts and Ramos"
582,Intuitive 24/7 extranet,"Dixon, King and Hayden"
583,Secured demand-driven toolset,Lopez-Carney
584,Robust maximized Graphical User Interface,"Smith, Williams and Kramer"
585,Business-focused intangible middleware,"Nelson, Mendoza and Williams"
586,Extended dynamic help-desk,"Becker, Conner and Campbell"
587,Public-key web-enabled archive,Wallace-Marsh
588,Networked didactic middleware,Ross LLC
589,Expanded systematic core,"Young, Carpenter and Mcintosh"
590,Self-enabling 5thgeneration orchestration,"Martinez, Douglas and Moore"
591,Compatible well-modulated architecture,Todd-Gardner
592,Business-focused global architecture,Woods PLC
593,Vision-oriented fault-tolerant analyzer,Williams Group
594,Phased clear-thinking neural-net,Ross LLC
595,Persistent upward-trending hardware,Daniels and Sons
596,Decentralized grid-enabled interface,Woods Ltd
597,Public-key disintermediate contingency,Ryan-Hill
598,Phased stable product,"Smith, Rivera and Nguyen"
599,Fully-configurable attitude-oriented policy,Green-Montoya
600,Decentralized directional Graphical User Interface,"Morales, Bentley and Bowman"
601,Organized human-resource alliance,Martin PLC
602,Automated 3rdgeneration intranet,Todd-Gardner
603,Reverse-engineered stable core,"Smith, Williams and Kramer"
604,Optional fresh-thinking capacity,"Rodriguez, Rogers and White"
605,Stand-alone human-resource circuit,Harper PLC
606,Business-focused intangible middleware,"Davis, Wood and Richardson"
607,Fully-configurable impactful synergy,"Sullivan, Potts and Ramos"
608,Open-source dedicated firmware,"Young, Carpenter and Mcintosh"
609,Secured object-oriented firmware,Stout-Hull
610,Up-sized scalable frame,"Hinton, Turner and Rose"
611,Automated explicit instruction set,Mclean-Smith
612,Synchronized transitional contingency,Thompson PLC
613,Progressive encompassing hardware,Jones and Sons
614,Integrated tangible capacity,Ryan-Hill
615,Multi-channeled human-resource task-force,Mccarty Group
616,Front-line 24/7 utilization,Thompson PLC
617,Organic asynchronous knowledgebase,"Becker, Conner and Campbell"
618,Realigned actuating collaboration,"Sullivan, Potts and Ramos"
619,User-centric explicit application,"Rodriguez, Rogers and White"
620,Object-based client-server capability,"Smith, Williams and Kramer"
621,Secured content-based application,Stout-Hull
622,Open-source systemic hierarchy,Ross LLC
623,Implemented transitional installation,Williams Group
624,Seamless high-level software,Jackson Ltd
625,Visionary optimal approach,Lopez-Carney
626,Optional actuating challenge,"Pierce, Newman and Sherman"
627,User-friendly explicit artificial intelligence,Jackson Ltd
628,Enterprise-wide 6thgeneration flexibility,Mccarty Group
629,Devolved zero administration hierarchy,Smith and Sons
630,Progressive 24/7 project,Santos Ltd
631,Customer-focused zero-defect Internet solution,"Pierce, Newman and Sherman"
632,Optional grid-enabled knowledge user,Martin PLC
633,Virtual tertiary data-warehouse,"Smith, Rivera and Nguyen"
634,Decentralized stable groupware,"Hall, Zimmerman and Parker"
635,Robust uniform adapter,"Martinez, Douglas and Moore"
636,Function-based 4thgeneration functionalities,Martin PLC
637,Up-sized scalable frame,Green-Montoya
638,Streamlined human-resource utilization,Martin PLC
639,Synergistic 6thgeneration analyzer,Ross LLC
640,Focused client-server Graphic Interface,Williams-Delacruz
641,Synergistic 6thgeneration analyzer,Harper PLC
642,Synergistic cohesive pricing structure,Harper PLC
643,Reverse-engineered holistic info-mediaries,"Sullivan, Potts and Ramos"
644,Customer-focused zero-defect Internet solution,Benton-Montgomery
645,Assimilated value-added projection,Williams Group
646,Team-oriented fault-tolerant pricing structure,"Hall, Zimmerman and Parker"
647,Compatible zero administration instruction set,"Owens, Wolf and Stephens"
648,Organic radical encryption,"Hinton, Turner and Rose"
649,Future-proofed background success,"Young, Carpenter and Mcintosh"
650,Stand-alone human-resource circuit,"Owens, Wolf and Stephens"
651,Customer-focused intangible service-desk,West-Donovan
652,Reduced intermediate flexibility,Jackson Ltd
653,Multi-channeled human-resource task-force,Thompson and Sons
654,Future-proofed heuristic support,"Becker, Conner and Campbell"
655,Persevering methodical definition,Woods PLC
656,Robust uniform adapter,"Dixon, King and Hayden"
657,Organized human-resource alliance,"Obrien, Moses and Perez"
658,Virtual actuating product,Benton-Montgomery
659,Streamlined zero-defect product,Ross LLC
660,Enterprise-wide 5thgeneration throughput,"Farley, Martin and Hall"
661,Assimilated disintermediate product,Patrick PLC
662,Horizontal fault-tolerant infrastructure,"Nelson, Mendoza and Williams"
663,Decentralized directional Graphical User Interface,Smith and Sons
664,Open-architected 5thgeneration orchestration,Lutz-Howell
665,Upgradable system-worthy adapter,"Pierce, Newman and Sherman"
666,Expanded systematic core,Daniels and Sons
667,Self-enabling 5thgeneration orchestration,Stout-Hull
668,Front-line context-sensitive customer loyalty,Stout-Hull
669,Vision-oriented fault-tolerant analyzer,Jackson Ltd
670,Universal dedicated toolset,Smith and Sons
671,Intuitive didactic attitude,"Obrien, Moses and Perez"
672,Optional fresh-thinking capacity,"Smith, Rivera and Nguyen"
673,Seamless context-sensitive project,Martin PLC
674,Sharable radical throughput,"Obrien, Moses and Perez"
675,Sharable radical throughput,Harper PLC
676,Polarized explicit workforce,"Morales, Bentley and Bowman"
677,Centralized system-worthy system engine,Woods PLC
678,Robust uniform adapter,Yoder LLC
679,Advanced cohesive parallelism,"Rodriguez, Rogers and White"
680,Virtual actuating product,Woods PLC
681,De-engineered asymmetric leverage,Wallace-Marsh
682,Intuitive didactic attitude,"Pierce, Newman and Sherman"
683,Monitored optimal workforce,"Owens, Wolf and Stephens"
684,Reactive zero-defect intranet,Green-Montoya
685,Compatible systematic project,"Pierce, Newman and Sherman"
686,Monitored multi-tasking system engine,Jackson Ltd
687,De-engineered asymmetric leverage,Patrick PLC
688,Monitored holistic system engine,"Smith, Williams and Kramer"
689,User-centric explicit application,Williams Group
690,Proactive local support,Daniels and Sons
691,Centralized didactic structure,"Smith, Rivera and Nguyen"
692,Focused mission-critical approach,Daniels and Sons
693,Operative neutral archive,"Dixon, King and Hayden"
694,Persistent clear-thinking software,"Jackson, Lawson and Evans"
695,Digitized interactive implementation,Williams-Delacruz
696,Enterprise-wide 6thgeneration flexibility,"Davis, Wood and Richardson"
697,Optional static solution,Woods PLC
698,Managed bifurcated definition,Woods PLC
699,Realigned actuating application,"Becker, Conner and Campbell"
700,Optional fresh-thinking capacity,"Nelson, Mendoza and Williams"
701,Object-based client-server capability,Daniels and Sons
702,Programmable empowering functionalities,"Obrien, Moses and Perez"
703,Customizable uniform data-warehouse,"Becker, Conner and Campbell"
704,Reactive zero-defect intranet,"Rodriguez, Rogers and White"
705,Stand-alone human-resource circuit,"Nelson, Mendoza and Williams"
706,Optional fresh-thinking capacity,"Farley, Martin and Hall"
707,Reactive demand-driven application,"Smith, Rivera and Nguyen"
708,Profound bi-directional toolset,Daniels and Sons
709,Secured demand-driven toolset,Jones and Sons
710,Optional actuating challenge,"Novak, Haynes and White"
711,Profound bi-directional toolset,Benton-Montgomery
712,Visionary optimal approach,Jackson Ltd
713,Phased system-worthy open system,Santos Ltd
714,Synergistic 6thgeneration analyzer,"Rodriguez, Rogers and White"
715,Stand-alone fault-tolerant product,Woods Ltd
716,Seamless context-sensitive project,"Morales, Bentley and Bowman"
717,Seamless intangible help-desk,"Farley, Martin and Hall"
718,Profound bi-directional toolset,Patrick PLC
719,Stand-alone fault-tolerant product,Daniels and Sons
720,Optional static solution,Ryan-Hill
721,Implemented transitional installation,"Obrien, Moses and Perez"
722,Stand-alone real-time product,"Hinton, Turner and Rose"
723,Automated needs-based capability,"Smith, Williams and Kramer"
724,Polarized fault-tolerant throughput,Jones and Sons
725,Down-sized upward-trending extranet,Benton-Montgomery
726,Phased system-worthy open system,Lopez-Carney
727,Visionary systemic moderator,Thompson and Sons
728,Customizable context-sensitive process improvement,"Smith, Williams and Kramer"
729,Compatible zero administration instruction set,"Hinton, Turner and Rose"
730,Persistent upward-trending hardware,"Pierce, Newman and Sherman"
731,Enterprise-wide 6thgeneration flexibility,Harper PLC
732,De-engineered multi-tasking software,Lutz-Howell
733,Future-proofed background success,"Jackson, Lawson and Evans"
734,Monitored mobile attitude,"Nelson, Mendoza and Williams"
735,Organic asynchronous knowledgebase,"Rodriguez, Rogers and White"
736,Triple-buffered zero administration array,Woods PLC
737,Enterprise-wide demand-driven circuit,"Farley, Martin and Hall"
738,Multi-lateral directional moderator,Ross LLC
739,Organic asynchronous knowledgebase,"Jackson, Lawson and Evans"
740,Reactive demand-driven application,Williams-Delacruz
741,Grass-roots object-oriented ability,"Farley, Martin and Hall"
742,Stand-alone fault-tolerant product,"Hinton, Turner and Rose"
743,De-engineered asymmetric leverage,Martin PLC
744,Universal reciprocal Graphical User Interface,"Obrien, Moses and Perez"
745,Stand-alone human-resource circuit,"Smith, Rivera and Nguyen"
746,Up-sized scalable frame,Ross LLC
747,Reverse-engineered maximized software,Woods PLC
748,Quality-focused 3rdgeneration focus group,Jones and Sons
749,Digitized exuding database,"Nelson, Mendoza and Williams"
750,Ergonomic human-resource capacity,"Martinez, Douglas and Moore"
751,Customer-focused coherent portal,Nelson-Lopez
752,Virtual tertiary data-warehouse,Benton-Montgomery
753,Streamlined zero administration website,Thompson and Sons
754,Advanced heuristic archive,Woods Ltd
755,Secured content-based application,Daniels and Sons
756,Decentralized empowering function,Jackson Ltd
757,Inverse 24/7 migration,Williams Group
758,Networked optimal secured line,Nelson-Lopez
759,Integrated context-sensitive utilization,"Becker, Conner and Campbell"
760,Horizontal fault-tolerant infrastructure,"Jackson, Lawson and Evans"
761,Front-line 24/7 utilization,"Hinton, Turner and Rose"
762,Seamless intangible help-desk,Lopez-Carney
763,Multi-channeled eco-centric extranet,Jackson Ltd
764,Phased system-worthy open system,"Owens, Wolf and Stephens"
765,Enterprise-wide 6thgeneration flexibility,Jackson Ltd
766,Optional fresh-thinking capacity,Martin PLC
767,Enhanced human-resource open system,Lutz-Howell
768,Reactive demand-driven application,Ryan-Hill
769,Mandatory intermediate collaboration,"Hinton, Turner and Rose"
770,Optional fresh-thinking capacity,Hughes PLC
771,Secured object-oriented firmware,West-Donovan
772,De-engineered multi-tasking software,Williams Group
773,Open-architected 5thgeneration orchestration,Smith and Sons
774,Networked didactic middleware,Daniels and Sons
775,Monitored asynchronous budgetary management,"Smith, Williams and Kramer"
776,Synergistic 6thgeneration analyzer,Jackson Ltd
777,Assimilated disintermediate product,Harper PLC
778,Sharable radical throughput,Thompson PLC
779,Multi-channeled human-resource task-force,Wallace-Marsh
780,Business-focused global architecture,Hughes PLC
781,Expanded radical knowledgebase,Mccarty Group
782,Future-proofed heuristic support,Jones and Sons
783,Proactive 4thgeneration hardware,Smith and Sons
784,Managed bifurcated definition,Wallace-Marsh
785,Public-key disintermediate contingency,"Becker, Conner and Campbell"
786,Virtual solution-oriented array,Santos Ltd
787,Optional grid-enabled knowledge user,"Farley, Martin and Hall"
788,Phased stable product,"Hall, Zimmerman and Parker"
789,Streamlined zero administration website,"Hinton, Turner and Rose"
790,Networked optimal secured line,"Smith, Williams and Kramer"
791,Self-enabling 5thgeneration orchestration,Patrick PLC
792,Virtual actuating product,Lopez-Carney
793,User-friendly explicit artificial intelligence,Daniels and Sons
794,Multi-lateral directional moderator,"Smith, Williams and Kramer"
795,Persistent upward-trending hardware,Patrick PLC
796,Assimilated value-added projection,Mclean-Smith
797,Grass-roots asynchronous implementation,"Smith, Rivera and Nguyen"
798,Monitored asynchronous budgetary management,Smith and Sons
799,Front-line context-sensitive customer loyalty,Thompson PLC
800,Innovative client-driven extranet,"Sullivan, Potts and Ramos"
801,Compatible zero administration instruction set,Stout-Hull
802,Expanded radical knowledgebase,Ferguson-Gibson
803,Open-source needs-based alliance,Yoder LLC
804,Open-source systemic hierarchy,"Novak, Haynes and White"
805,Optional bi-directional product,West-Donovan
806,Decentralized grid-enabled interface,"Davis, Wood and Richardson"
807,Robust uniform adapter,Benton-Montgomery
808,Monitored asynchronous budgetary management,Martin Airline
809,Enhanced empowering forecast,Thompson PLC
810,Virtual tertiary data-warehouse,Yoder LLC
811,Organic radical encryption,Ross LLC
812,Secured demand-driven toolset,Ross LLC
813,Managed composite database,"Farley, Martin and Hall"
814,Phased intermediate definition,Green-Montoya
815,Down-sized upward-trending extranet,"Becker, Conner and Campbell"
816,Operative neutral archive,"Rodriguez, Rogers and White"
817,Pre-emptive dedicated monitoring,"Davis, Wood and Richardson"
818,Expanded radical knowledgebase,"Young, Carpenter and Mcintosh"
819,Open-source systemic hierarchy,Hughes PLC
820,Programmable empowering functionalities,"Jackson, Lawson and Evans"
821,Devolved zero administration hierarchy,Benton-Montgomery
822,Future-proofed object-oriented orchestration,"Sullivan, Potts and Ramos"
823,Seamless multimedia parallelism,Benton-Montgomery
824,Configurable maximized open architecture,Patrick PLC
825,Business-focused system-worthy artificial intelligence,"Hinton, Turner and Rose"
826,Monitored multi-tasking system engine,West-Donovan
827,Self-enabling 5thgeneration orchestration,"Farley, Martin and Hall"
828,Versatile client-driven secured line,"Smith, Rivera and Nguyen"
829,Customizable zero-defect strategy,Jackson Ltd
830,Front-line context-sensitive customer loyalty,"Morales, Bentley and Bowman"
831,Reverse-engineered leadingedge help-desk,Ross LLC
832,Monitored leadingedge flexibility,Martin PLC
833,Centralized discrete model,Martin PLC
834,Decentralized empowering function,"Farley, Martin and Hall"
835,Robust grid-enabled software,Smith and Sons
836,Open-source needs-based alliance,"Nelson, Mendoza and Williams"
837,Face-to-face exuding product,"Novak, Haynes and White"
838,Implemented national utilization,"Davis, Wood and Richardson"
839,Self-enabling 5thgeneration orchestration,"Smith, Williams and Kramer"
840,De-engineered hybrid project,Jones and Sons
841,Optional actuating challenge,"Martinez, Douglas and Moore"
842,Advanced executive adapter,Jones and Sons
843,Multi-tiered national circuit,"Hall, Zimmerman and Parker"
844,Extended dynamic help-desk,Lutz-Howell
845,Stand-alone real-time product,Benton-Montgomery
846,Reactive 24hour customer loyalty,Jackson Ltd
847,Automated explicit instruction set,"Farley, Martin and Hall"
848,Secured object-oriented firmware,Green-Montoya
849,Pre-emptive stable help-desk,Stout-Hull
850,Public-key web-enabled archive,Harper PLC
851,Customer-focused coherent portal,"Dixon, King and Hayden"
852,Phased clear-thinking neural-net,Hughes PLC
853,Multi-channeled human-resource task-force,West-Donovan
854,Customer-focused intangible service-desk,Wallace-Marsh
855,Extended dynamic help-desk,Jackson Ltd
856,Decentralized demand-driven solution,Harper PLC
857,Customer-focused non-volatile paradigm,"Young, Carpenter and Mcintosh"
858,Distributed heuristic open system,Green-Montoya
859,Configurable maximized open architecture,Todd-Gardner
860,Future-proofed object-oriented orchestration,Woods Ltd
861,Sharable radical throughput,Jackson Ltd
862,Monitored multi-tasking system engine,"Hinton, Turner and Rose"
863,Virtual tertiary data-warehouse,"Smith, Williams and Kramer"
864,Multi-channeled eco-centric extranet,West-Donovan
865,Face-to-face analyzing Local Area Network,"Davis, Wood and Richardson"
866,Multi-channeled neutral superstructure,"Davis, Wood and Richardson"
867,Function-based 4thgeneration functionalities,Woods PLC
868,Robust uniform adapter,Jackson Ltd
869,Open-source needs-based alliance,Mccarty Group
870,Operative neutral archive,Santos Ltd
871,Monitored mobile attitude,Wallace-Marsh
872,Future-proofed object-oriented orchestration,"Obrien, Moses and Perez"
873,Enhanced empowering forecast,Daniels and Sons
874,Cross-platform asynchronous instruction set,"Smith, Williams and Kramer"
875,Multi-tiered national circuit,"Farley, Martin and Hall"
876,User-friendly explicit artificial intelligence,"Farley, Martin and Hall"
877,Optional static solution,"Jackson, Lawson and Evans"
878,Realigned actuating application,"Morales, Bentley and Bowman"
879,Customer-focused intangible service-desk,Williams Group
880,Team-oriented fault-tolerant pricing structure,"Novak, Haynes and White"
881,Seamless context-sensitive project,Mccarty Group
882,Automated 3rdgeneration intranet,"Nelson, Mendoza and Williams"
883,Future-proofed background success,"Novak, Haynes and White"
884,Devolved zero administration hierarchy,Hughes PLC
885,Open-source dedicated firmware,"Smith, Williams and Kramer"
886,Future-proofed reciprocal website,Stout-Hull
887,Intuitive even-keeled initiative,Lutz-Howell
888,Switchable asynchronous throughput,Williams Group
889,Enhanced empowering forecast,Thompson and Sons
890,Sharable stable data-warehouse,"Novak, Haynes and White"
891,Expanded radical knowledgebase,Green-Montoya
892,Ameliorated analyzing success,West-Donovan
893,Triple-buffered responsive info-mediaries,Williams Group
894,Multi-channeled neutral superstructure,"Novak, Haynes and White"
895,Proactive local support,Yoder LLC
896,Progressive 24/7 project,"Nelson, Mendoza and Williams"
897,Proactive 4thgeneration hardware,Williams Group
898,Multi-lateral directional moderator,Daniels and Sons
899,Multi-channeled human-resource task-force,"Sullivan, Potts and Ramos"
900,Profound optimizing framework,Hughes PLC
901,Stand-alone fault-tolerant product,Todd-Gardner
902,Vision-oriented client-server standardization,Hughes PLC
903,Sharable stable data-warehouse,"Jackson, Lawson and Evans"
904,Reactive zero-defect intranet,Mccarty Group
905,Operative regional firmware,Thompson and Sons
906,Cross-platform asynchronous instruction set,Nelson-Lopez
907,Integrated multi-state solution,"Jackson, Lawson and Evans"
908,Reverse-engineered holistic info-mediaries,Nelson-Lopez
909,Function-based empowering info-mediaries,Harper PLC
910,Enterprise-wide 6thgeneration flexibility,"Hall, Zimmerman and Parker"
911,Future-proofed heuristic support,Lopez-Carney
912,Automated explicit instruction set,Lopez-Carney
913,Assimilated logistical installation,Hughes PLC
914,Cross-platform asynchronous instruction set,Yoder LLC
915,De-engineered neutral support,"Young, Carpenter and Mcintosh"
916,Team-oriented hybrid capability,Stout-Hull
917,Function-based empowering info-mediaries,Williams-Delacruz
918,Synchronized transitional contingency,Harper PLC
919,Managed composite database,"Martinez, Douglas and Moore"
920,Profit-focused system-worthy leverage,Mclean-Smith
921,Visionary systemic moderator,"Hall, Zimmerman and Parker"
922,Assimilated executive flexibility,Jones and Sons
923,Decentralized stable groupware,Stout-Hull
924,Phased system-worthy open system,"Young, Carpenter and Mcintosh"
925,Expanded high-level website,Yoder LLC
926,Customer-focused leadingedge contingency,Jones and Sons
927,Fully-configurable impactful synergy,Benton-Montgomery
928,Intuitive even-keeled initiative,Ryan-Hill
929,Seamless multimedia parallelism,Thompson PLC
930,Grass-roots global leverage,Woods PLC
931,Diverse analyzing product,"Novak, Haynes and White"
932,Persistent clear-thinking software,Jones and Sons
933,Phased system-worthy open system,"Novak, Haynes and White"
934,Configurable modular knowledge user,Thompson and Sons
935,Open-architected 5thgeneration orchestration,Harper PLC
936,Integrated multi-state solution,Williams Group
937,Operative regional firmware,Ross LLC
938,Future-proofed object-oriented orchestration,Ryan-Hill
939,Synergistic 6thgeneration analyzer,Wallace-Marsh
940,Enhanced real-time Graphical User Interface,"Hall, Zimmerman and Parker"
941,Cross-group global complexity,Wallace-Marsh
942,Mandatory demand-driven Graphic Interface,"Jackson, Lawson and Evans"
943,Phased stable product,"Sullivan, Potts and Ramos"
944,Integrated context-sensitive utilization,Mccarty Group
945,Universal directional parallelism,Ferguson-Gibson
946,Optional static solution,Mclean-Smith
947,User-friendly bandwidth-monitored instruction set,Jackson Ltd
948,Proactive 4thgeneration hardware,Patrick PLC
949,Triple-buffered responsive info-mediaries,"Jackson, Lawson and Evans"
950,Down-sized upward-trending extranet,Martin PLC
951,Customer-focused foreground groupware,Martin PLC
952,Compatible well-modulated architecture,Green-Montoya
953,Synergized executive complexity,West-Donovan
954,Assimilated logistical installation,Ferguson-Gibson
955,Advanced executive adapter,Benton-Montgomery
956,Reverse-engineered maximized software,Todd-Gardner
957,Public-key disintermediate contingency,"Sullivan, Potts and Ramos"
958,Advanced executive adapter,"Owens, Wolf and Stephens"
959,Adaptive multi-tasking throughput,Hughes PLC
960,Multi-channeled eco-centric extranet,Martin PLC
961,Reverse-engineered stable data-warehouse,Stout-Hull
962,Robust grid-enabled software,Martin PLC
963,Customizable zero-defect strategy,Todd-Gardner
964,Centralized discrete model,"Smith, Rivera and Nguyen"
965,Profound bi-directional toolset,Harper PLC
966,De-engineered neutral support,"Smith, Williams and Kramer"
967,Fully-configurable attitude-oriented policy,"Young, Carpenter and Mcintosh"
968,Cross-group global complexity,"Obrien, Moses and Perez"
969,Up-sized scalable frame,"Dixon, King and Hayden"
970,Balanced exuding parallelism,"Young, Carpenter and Mcintosh"
971,Horizontal fault-tolerant infrastructure,"Davis, Wood and Richardson"
972,Future-proofed heuristic support,"Dixon, King and Hayden"
973,Optional static solution,Thompson and Sons
974,Compatible zero administration instruction set,Patrick PLC
975,Integrated demand-driven interface,Mccarty Group
976,Synergized executive complexity,Martin PLC
977,Front-line maximized benchmark,Stout-Hull
978,Versatile client-driven secured line,Williams Group
979,Business-focused system-worthy artificial intelligence,Williams-Delacruz
980,Team-oriented fault-tolerant pricing structure,Williams-Delacruz
981,Customizable uniform data-warehouse,Lutz-Howell
982,Synergized executive complexity,Patrick PLC
983,Implemented transitional installation,Lutz-Howell
984,Synergistic cohesive pricing structure,"Farley, Martin and Hall"
985,Advanced heuristic archive,Martin Airline
986,Virtual tertiary data-warehouse,Woods Ltd
987,Quality-focused asymmetric circuit,Mclean-Smith
988,Assimilated disintermediate product,Lutz-Howell
989,Networked needs-based installation,Lopez-Carney
990,Grass-roots object-oriented ability,Jones and Sons
991,Business-focused global architecture,"Dixon, King and Hayden"
992,Team-oriented fault-tolerant pricing structure,Hughes PLC
993,Optional bi-directional product,"Novak, Haynes and White"
994,Object-based client-server capability,Benton-Montgomery
995,Horizontal fault-tolerant infrastructure,"Hall, Zimmerman and Parker"
996,Realigned actuating application,Harper PLC
997,Monitored holistic system engine,"Novak, Haynes and White"
998,Business-focused intangible middleware,West-Donovan
999,Automated explicit instruction set,Santos Ltd
1000,De-engineered multi-tasking software,"Smith, Rivera and Nguyen"
