Name,Type,Phone,Email,Partnership Start Date
"Jackson, Lawson and Evans",Tour Guide,96606118331,richardsonbrenda@joseph-dixon.com,07/10/2020
Thompson PLC,Airline,29565918139,amymcguire@mcdonald.com,10/29/24
Lutz-Howell,Tour Guide,42099556022,goneill@williams.com,1/15/21
"Morales, Bentley and Bowman",Airline,50201880016,sandramoody@mcgee.net,07/08/2019
Todd-Gardner,Bus,71213135395,georgeamy@maxwell-morgan.net,07/03/2023
Mccarty Group,Airline,35998244894,matthew20@rodriguez-henderson.com,10/05/2021
Jones and Sons,Tour Guide,71140211395,jonathan69@graves-wood.net,04/08/2024
Williams Group,Airline,88241491103,john62@walter.com,12/07/2023
"Nelson, Mendoza and Williams",Bus,19969761101,justintaylor@elliott.com,11/30/19
Ross LLC,Airline,75144419253,hollowaychristopher@velasquez.com,7/19/20
Martin PLC,Tour Guide,66149887524,kristi88@lam-estrada.com,01/04/2019
"Becker, Conner and Campbell",Hotel,82375854709,curtiseric@nelson.com,6/14/20
Wallace-Marsh,Airline,91042500808,max30@luna.net,12/03/2022
Nelson-Lopez,Hotel,14628044742,wilsonsherry@miller.com,09/03/2023
Martin Airline,Airline,422404841,chelsea33@herrera.org,05/01/2022
"Sullivan, Potts and Ramos",Hotel,37811605560,sabrina62@hudson.info,12/27/20
Benton-Montgomery,Tour Guide,2868371430,welchcheryl@munoz.com,5/14/21
"Hall, Zimmerman and Parker",Hotel,47911863777,fullerjennifer@whitney.com,1/31/19
"Martinez, Douglas and Moore",Bus,11842439840,drobertson@mills.com,11/19/24
"Dixon, King and Hayden",Tour Guide,11105451733,vingram@villegas-mcclure.com,10/06/2022
Jackson Ltd,Tour Guide,46159665850,john59@rodriguez.com,07/08/2022
"Farley, Martin and Hall",Tour Guide,6536962900,greerjoe@mcdonald.org,03/02/2019
Stout-Hull,Airline,16918366513,brownanthony@wilson.info,06/09/2021
Williams-Delacruz,Airline,94855683903,cameronfuller@williams.com,10/29/23
"Novak, Haynes and White",Bus,81445103054,millsmatthew@taylor.info,10/28/24
"Young, Carpenter and Mcintosh",Tour Guide,99598844491,sandra54@chapman.com,5/19/24
West-Donovan,Hotel,67236039067,vfisher@hernandez.biz,12/24/20
"Smith, Rivera and Nguyen",Tour Guide,97254016011,wjones@hunt.com,4/18/22
"Pierce, Newman and Sherman",Airline,44753976442,pamelamurphy@davis-castro.com,12/17/19
"Rodriguez, Rogers and White",Tour Guide,75745492809,martinmarsh@martinez.org,6/19/19
"Obrien, Moses and Perez",Airline,1979972051,marthawilson@johnson.com,04/05/2019
Hughes PLC,Hotel,80246812416,umartinez@santos.com,1/27/20
Daniels and Sons,Hotel,57819907992,sdudley@collier-peters.com,8/19/24
Ryan-Hill,Hotel,5847240673,annerollins@white-moore.com,03/04/2019
Smith and Sons,Bus,72122231236,opowell@ortiz-stewart.biz,11/15/23
"Owens, Wolf and Stephens",Hotel,43159178043,mayerbrian@mccormick.info,1/16/23
Mclean-Smith,Hotel,35804933222,melissawilliams@gonzalez.com,07/02/2021
Yoder LLC,Hotel,79988246150,hallkathy@bruce.net,3/20/20
Green-Montoya,Bus,41831246342,hansonsean@gordon-hampton.info,03/08/2021
"Hinton, Turner and Rose",Airline,45032150927,mjohnson@fisher-schaefer.biz,12/09/2022
Ferguson-Gibson,Tour Guide,6588293652,michellecollins@ingram.net,4/23/21
Thompson and Sons,Hotel,45305412217,kyle69@martin.com,3/20/21
Woods PLC,Hotel,38950156878,ysmith@cruz.com,01/12/2021
Harper PLC,Hotel,92718513891,phyllis10@patrick.com,8/23/20
Lopez-Carney,Tour Guide,26461569582,smithdaniel@castaneda.biz,1/30/24
"Davis, Wood and Richardson",Hotel,46113262843,rpope@hernandez.com,04/04/2024
Patrick PLC,Bus,40924492731,perezlogan@carter.com,10/24/21
"Smith, Williams and Kramer",Airline,5125483025,taylorvillanueva@lucas.info,12/20/21
Santos Ltd,Bus,98591679774,ycurtis@rodriguez.org,09/05/2021
Woods Ltd,Hotel,31563415116,gbernard@zuniga-gray.org,2/25/20
