Name,Address,City,Post Code
Sir Vivian Richards Stadium,"4638+73J, Sir Sydney Walling Highway (Factory Road, North Sound, Antigua and Barbuda",North Sound,100000
Daren Sammy Cricket Ground,"33C9+57V, Gros Islet, St Lucia",Gros Islet,LC01
Kensington Oval,"President Kennedy Dr, Bridgetown, Saint Michael BB120004Barbados",Bridgetown,BB11000
Arnos Vale Stadium,"4QRQ+P7F, Arnos Vale, St Vincent and the Grenadines",Arnos Vale,VC0100
Providence Stadium,"East Bank Highway Public Road, Georgetown, Guyana",Georgetown,200000
Brian Lara Cricket Academy,"Brian Lara Stadium Rd San Fernando, Trinidad and Tobago",San Fernando,600000
Central Broward Park,"3700 NW 11th Pl, Lauderhill, FL 33311, USA",Lauderhill,33313
Nassau County Stadium,"Park Blvd, Westbury, NY 11554, USA",East Meadows,11554
Grand Prairie Stadium,"1600 Lone Star Pkwy, Grand Prairie, TX 75050, USA",Grand Prairie,75050
