Name,Description
Kitchen,"A state-of-the-art kitchen facility equipped with modern appliances and utensils. It includes a cooking area, baking section, and storage units for ingredients. Designed for cooking classes, culinary events, and food preparation for mall restaurants, the kitchen ensures hygiene and safety standards are meticulously maintained."
Parking Space,"A spacious, multi-level parking facility providing ample parking slots for visitors and staff. It includes designated areas for differently-abled individuals, electric vehicle charging stations, and a valet service. The parking area is equipped with advanced security systems, including surveillance cameras and automated ticketing."
Food Court,"A vibrant food court hosting a diverse range of eateries offering cuisines from around the world. The seating area is designed for comfort, with options for individual diners and groups. Live cooking stations, regular food festivals, and a focus on cleanliness make it a culinary hotspot within the mall."
Children's Play Area,"A safe and entertaining space for children to play and explore. It features age-appropriate playground equipment, interactive games, and supervised activities. The play area ensures safety with soft flooring, secure fencing, and trained staff to oversee the kids."
Entertainment Zone,"An entertainment hub featuring a multiplex cinema, arcade games, and virtual reality experiences. It includes a bowling alley, mini-golf course, and spaces for live performances. Designed to provide fun and excitement for visitors of all ages, the zone also offers party packages for special occasions."
Retail Outlets,"A wide array of retail stores offering products ranging from fashion and electronics to home decor and groceries. Each outlet is designed to enhance the shopping experience with well-organized layouts, friendly staff, and exclusive deals. Regular promotions and new store openings keep the shopping scene dynamic."
Fitness Center,"A modern fitness center equipped with the latest workout machines, free weights, and space for group fitness classes. Personal trainers, nutrition consultants, and wellness programs are available to assist members in achieving their fitness goals. The center includes locker rooms, showers, and a juice bar."
Event Hall,"A versatile event hall that can host conferences, exhibitions, weddings, and community events. It is equipped with advanced audio-visual systems, flexible seating arrangements, and catering services. The hall is designed to accommodate large gatherings, with additional breakout rooms for smaller sessions."
Rest Areas,"Comfortable rest areas strategically placed throughout the mall to provide a relaxing space for visitors to take a break. These areas are equipped with plush seating, charging stations, and free Wi-Fi. The ambiance is enhanced with indoor plants, calming music, and easy access to amenities like restrooms and information desks."
Customer Service Desk,"A dedicated customer service desk to assist visitors with inquiries, directions, and services such as lost and found, stroller rental, and gift wrapping. The staff are trained to provide friendly and efficient assistance, ensuring a pleasant shopping experience for all visitors."
