Name,Unit,Price List,Contact,Start Date,End Date,Status,Status Reason
XNKAKJi8,146,EmdOLhPE9,Ashley Bell,8/7/24,2/1/26,Active,Draft
inDCG8bF,36,RU4nZsMmy,Suzanne Martin,5/7/24,3/10/27,Active,Draft
xmOPywm8,220,opw1BWG4U,Courtney Gonzalez,7/2/24,11/30/25,Active,Current
CIX6Yj7S,157,bXXILvCxE,Maria Griffin,5/24/24,1/24/26,Active,Draft
cGHHodt9,124,BkdkHsU81,Denise Boyer,5/27/24,6/23/26,Active,Current
WQGpd3MM,98,FrnGeVCMU,Cheryl Keith,6/22/24,9/8/26,Active,Draft
9iFEujf6,240,P9HFLBP4a,Valerie Hansen,7/31/24,2/6/27,Active,Current
yZejzm6N,255,JvfJYEdfZ,Katrina Richard,5/8/24,2/24/26,Active,Current
eFwxzB95,141,rSi7UWhqR,Richard Morgan,6/30/24,10/21/26,Active,Draft
fLimUobB,188,wRAwsxmyS,Rachael Jimenez,2/4/24,6/7/25,Active,Draft
0tTc560H,37,xrgKM6uQd,Jenna Hines,2/5/24,11/12/25,Active,Draft
LRbdYj55,198,VQg3DMZAw,Michael Garza,1/18/24,1/28/25,Inactive,Expired
DkrrQbo3,32,MMbcj6FY4,Kimberly Maldonado,2/10/24,4/30/26,Active,Draft
EdEB5WGm,55,zqNCTBn1z,Jennifer Finley,5/14/24,2/3/26,Active,Current
g07XFPY7,113,2TErmcupy,Caleb Murphy,8/18/24,6/11/26,Active,Current
54cpCkbO,34,RCYEDWtJN,Vincent Carey,1/16/24,2/24/25,Inactive,Expired
v6QcpQWm,300,p6y8WjSqb,Jennifer Hunter,12/15/24,4/26/27,Active,Draft
29bqhmkK,83,2tzdf2VW0,Kathleen Lawson,7/23/24,1/5/27,Active,Draft
E3tzo3eN,294,p7q48bwiF,Gregory Richardson,7/12/24,1/27/26,Active,Current
CZrAnsKa,80,5lwpsmmWQ,Steven Williams,11/29/24,4/3/27,Active,Current
t1OEgzuC,22,BXeSB41Lg,Karen Townsend,2/21/24,10/28/25,Active,Draft
mQzJdjg9,208,dhl2lgD4B,Kevin Reed,12/22/24,10/19/26,Active,Current
0G7TDHWY,127,LKZnbL9NA,Mikayla Newman,11/2/24,11/18/26,Active,Current
QsCg2rmw,135,gnBZtdTcv,Heidi Rangel,4/3/24,2/7/26,Active,Current
M8G4rzpO,281,8pWR0Rhy0,Dylan Jensen,5/7/24,9/7/25,Active,Draft
mEj6JUKg,14,9nj9scL5k,Jessica Wise,6/18/24,6/16/26,Active,Draft
Wuu0aHl1,53,2rZZj8NtW,Christopher Garcia,5/6/24,11/22/26,Active,Draft
WTH1J27Z,41,WIeCTS1gg,Anna Simmons,1/6/24,12/18/25,Active,Draft
u6ulwolC,283,Jc3e7cizU,Jennifer Vargas,7/6/24,11/30/25,Active,Draft
CsnJct8I,166,cBNdvXnYI,John Fernandez,4/8/24,7/4/25,Active,Draft
EEHUvkdu,106,K2LFvFEnz,Ashley Bell,3/20/24,6/4/26,Active,Current
bP1rJKaF,246,bAz8hz9lV,Mark Mueller,8/7/24,5/29/27,Active,Current
d5IWUS4M,51,THbrPTTJt,Alicia Perez,12/20/24,11/19/26,Active,Draft
2vzRSjZP,108,mU7RfHDx2,Benjamin Jones,9/29/24,3/15/26,Active,Draft
c7zA5JK7,262,U5VyYIXzE,Russell Morgan,10/19/24,9/16/27,Active,Current
oeHbDxmI,50,CBOT4nADQ,Kenneth Gonzalez,6/29/24,12/11/26,Active,Draft
uC7KcnVG,284,q6DDhPD8M,Teresa Martin,6/27/24,7/18/25,Active,Current
XqK09b6i,47,Z9ni65Pyy,Robert Torres,5/1/24,8/4/25,Active,Draft
eso1YH25,201,vQUO87SFz,Derek Hutchinson,2/17/24,7/17/26,Active,Draft
Bw18kmWW,175,PE3dictla,Jasmine Downs,4/4/24,3/19/26,Active,Draft
aS7X3pjc,227,Tkng4QL7o,Austin Meadows,11/27/24,5/15/26,Active,Draft
uiPsGIZ0,170,3i05AFbY2,Robert Arnold,1/10/24,9/11/26,Active,Current
Jz7XT3IH,248,GvcV3tbSe,Christopher Nunez,11/4/24,5/28/27,Active,Current
PCicet6X,139,WSdU7bxDF,Dana Brown,3/23/24,8/18/25,Active,Current
yRe0g1jH,299,jtFB7eDGi,Connie Golden,8/13/24,6/28/27,Active,Draft
PxxKufIH,231,dqHjE5oR1,Mario Goodwin,7/17/24,10/21/26,Active,Draft
JrGtZ7Ji,290,nYJxW0OH4,Brian Simmons,6/29/24,4/6/27,Active,Draft
r2O8IZXF,193,9EiEx9Vw0,Jeffrey Turner,11/13/24,9/20/26,Active,Draft
hjBBGmRr,153,FqG4Fgkek,Alicia Lewis,12/2/24,11/26/26,Active,Current
U6pddLFc,242,XFIjxaWJ3,Susan Mckinney,3/14/24,1/27/26,Active,Current
1oDdcQvX,79,rFf95MYLd,Dana Brown,11/17/24,6/29/27,Active,Draft
BGcI0SHh,238,ye12DlopM,Jennifer Finley,6/20/24,6/28/25,Active,Current
1AWwLF2N,116,uhEscvK3G,Brad Burke,7/11/24,6/6/27,Active,Current
xN0pWiMO,172,hrmWaan39,Kylie Williams,1/27/24,10/28/26,Active,Draft
5HKvIl9a,81,ZURZ9SC6s,Rodney Lee,5/5/24,4/1/26,Active,Draft
t3SQ0nDL,39,ohvB1wvhS,Henry Smith,4/5/24,5/30/26,Active,Current
YqlMD304,119,Omff5Nwc1,Kara Rice,6/2/24,1/6/27,Active,Current
Qc2K6cdY,28,CXbGjlKtn,Angela Nguyen,11/24/24,10/2/27,Active,Current
xZp4hE2M,76,VIESFbFFu,Russell Morgan,3/14/24,4/6/26,Active,Current
VKTV7Xxf,270,S1Zk9TGTG,Joseph Lewis,6/19/24,7/23/26,Active,Draft
qiS2SMpN,137,TYMoG4gg1,Gregory Wilson,3/24/24,5/14/26,Active,Draft
nLhGU3q1,266,pkAaEfvCL,Alec Ray,7/21/24,9/7/26,Active,Current
Jr3bGAuI,131,CCstwkoCY,Gregory Wilson,6/3/24,10/10/26,Active,Draft
IG1ZqZar,235,00k8oytXc,Laura Burke,6/28/24,9/9/25,Active,Draft
eT5YnVsg,295,7JNoPhHN8,Gina Harrison,8/24/24,4/1/27,Active,Current
GK6n88tF,118,kUosOk1aO,William Moran,3/1/24,9/21/26,Active,Current
US4lNYOg,218,vNd3T8OJ5,Brandy Hill,5/5/24,12/4/25,Active,Draft
tyfaHEUJ,189,MQf9SQF2L,Cynthia Williams,6/23/24,3/3/27,Active,Current
fabhJxii,148,n6u4MNy40,Kylie Williams,2/5/24,8/19/26,Active,Current
R0ehSFAD,46,Nq9aJKhvg,Kelly Young,9/22/24,9/20/27,Active,Current
1fBezHJS,165,lOECd9LcR,Holly Schroeder,11/7/24,2/14/27,Active,Draft
cx6anZK5,11,koOmDVztd,Christine Morgan,9/28/24,6/4/27,Active,Current
BLEioxqz,159,1UOlJL7Io,Michael Bell,8/12/24,11/17/25,Active,Draft
ftNztcHY,0,YmIRIU0Xj,Jeremiah Johnson,7/30/24,3/20/27,Active,Current
rpZoBhZP,43,oti9WnPo3,Kimberly Walton,7/22/24,3/31/27,Active,Draft
XNpR0jFl,19,F3VN5LHZ5,Jenna Hines,3/7/24,2/26/26,Active,Current
IdhXXmJl,291,ZGnfqYgpV,Dawn Hill,4/17/24,6/4/26,Active,Draft
QO2OPXkg,209,j0rpsCJKX,Jonathan Foster,6/29/24,4/4/27,Active,Current
sky0BtiK,192,L1VwumJy3,Jesse Brown,10/30/24,11/24/26,Active,Current
Zz93DU5D,73,XR32Higzo,Christian Ramos,1/26/24,6/25/25,Active,Current
fEFgfM7j,142,cX7itWBMf,John Fernandez,12/18/24,4/14/26,Active,Current
5dQSMDM1,164,1NcfWBjHQ,Daniel Mccoy,7/18/24,7/29/26,Active,Current
J6wRF1rF,100,KxT3JCVKQ,Sarah Benton,10/14/24,10/26/25,Active,Draft
T25V7z0r,258,AcMMKC9Os,Harold Lowe,8/28/24,1/7/26,Active,Draft
qQNsgecx,224,3zrY0rR8c,Sarah Wilson,9/27/24,12/26/26,Active,Draft
eO0Z1kOH,296,ml6p7M0Xc,Cynthia Jackson,4/9/24,11/28/26,Active,Draft
KIAcpR0C,199,izRb4RJQE,Robert Flores,1/22/24,3/17/25,Inactive,Expired
tAoO0Rax,194,JidzVT2qp,Dylan Jensen,6/19/24,8/16/25,Active,Draft
PtVulUoV,169,u3zDGqx3O,Gregory Richardson,11/13/24,8/2/26,Active,Draft
RG6uXrn0,72,2SF9BPv5k,Jerry Mack,9/14/24,1/15/26,Active,Draft
N5WHiH7a,109,kDhdJpIGc,Eric Bowen,12/4/24,2/7/27,Active,Draft
mSiCgFiN,62,1c1FEpuDo,Karen Fowler,2/13/24,11/4/26,Active,Draft
k44Cb5SH,173,yrflcdsjj,Samuel Williams,5/30/24,7/15/26,Active,Draft
LMUXxwWj,111,ofAb4q6gg,Herbert Smith,11/24/24,3/14/26,Active,Draft
LGlxYGOx,17,UmyCSejpZ,Gary Griffin,3/18/24,1/11/27,Active,Current
ZN4Icbdj,38,yJowx5ffM,Daniel Fernandez,6/27/24,12/13/25,Active,Current
zjpkzarg,211,sZslk5nMa,Dennis Christian,2/23/24,10/5/25,Active,Current
66YdzkF4,187,jNd0omPDS,Charles Roberts,10/30/24,11/8/25,Active,Draft
OU4HshyH,3,JgdyoJUmY,Jacqueline Jenkins,3/18/24,5/6/25,Inactive,Expired
vgKCYRwP,249,FYPb4qeon,Anne Kirk,12/10/24,3/5/26,Active,Current
8t2fjXgQ,217,5NTqP3CJv,Tammy Hancock,6/20/24,9/14/26,Active,Current
G5hKQTJq,129,bUMuOK33y,Kimberly Maldonado,8/4/24,8/6/25,Active,Current
48ZOjpZ1,282,qbNkiIZm7,Susan Mckinney,2/23/24,4/11/26,Active,Draft
VgJSV82r,8,osyk9xXFZ,Theresa Garcia,4/6/24,8/21/25,Active,Current
KbAmc5O5,27,rkNXOgXlq,Susan Sullivan,2/18/24,1/14/27,Active,Current
JTmKecVZ,288,QUe9zMps3,Mary Watson,5/7/24,12/3/25,Active,Draft
FpxrLHs1,273,cIxa0FuWE,Raven Cook,4/29/24,3/11/26,Active,Draft
lneh9qmi,162,gX4Q7YcF8,Samantha Warren,2/3/24,5/28/26,Active,Current
aLkQyFd6,101,voDKHBJVy,Carlos Hester,7/21/24,2/9/26,Active,Current
5E6atjNZ,191,bBEy6Awgt,Christopher Wright,9/30/24,3/30/26,Active,Draft
iiitKi3U,88,9XED5gNB2,Robert Arnold,5/13/24,8/25/25,Active,Draft
M3xPbnRM,163,dT742430A,Ernest Melton,10/8/24,8/6/26,Active,Current
W0ofGs1p,185,J9JXbXa4l,Jacqueline Lee,12/6/24,6/13/26,Active,Draft
hzGnNRzl,70,SJPT7OZj9,Christine Morgan,9/17/24,8/17/27,Active,Draft
b7ft2DeW,276,PjM61I8Fz,Robert Collins,1/20/24,8/9/25,Active,Current
Fpx4e9pe,45,GVgk24ZE9,Denise Evans,9/26/24,7/6/26,Active,Current
epWfBfJv,286,6ZHfFgKpV,Richard Huang,12/16/24,3/17/27,Active,Draft
S6JXyfmz,297,NTUxlWRiu,Matthew Tucker,2/22/24,9/9/26,Active,Current
iUvR3o6W,212,iyHhYcDij,Cameron Hinton,12/1/24,8/12/27,Active,Draft
ju5OBGfE,289,A3dwKiMqZ,Mark Brown,8/7/24,2/5/27,Active,Draft
MwRmOI9A,200,7GLW6JE6K,Charles Roberts,12/12/24,1/25/26,Active,Draft
erXeNPLd,18,igBF3igUo,Melissa Camacho,5/12/24,11/1/26,Active,Draft
QWJs1fkf,285,F1HAncXP9,Samuel Williams,10/30/24,9/28/27,Active,Current
J2LjpvN0,26,ZC7XaZC3S,Jamie Glass,2/11/24,1/20/26,Active,Current
pSZQxN8v,44,fEv0u1EEm,Sarah Wilson,10/6/24,9/10/26,Active,Current
T6j4GonE,232,XRwd1xmVp,Caitlin Daniel,10/13/24,1/21/26,Active,Draft
1rS9NWzX,87,ELPwyXMhw,Robert Flores,6/17/24,8/7/25,Active,Draft
Ke4o74ob,257,CBp9YA4z8,Mark Gonzalez,7/5/24,1/28/27,Active,Current
EpCzFtl9,269,g6dXKhQzl,Gerald Thomas,5/9/24,3/23/27,Active,Draft
JNqOAIPM,99,RjRURJQDa,Patrick Wallace,6/28/24,4/12/27,Active,Current
8trkFJz2,184,VjICpTVTZ,Lori Martin,6/1/24,4/7/27,Active,Current
FJTmwAuO,206,xrj6miISa,Jonathan Foster,12/17/24,5/18/27,Active,Current
xkzbX7HU,125,LYbI7WEzu,Katie Hendricks,9/15/24,12/3/26,Active,Draft
blCpzLS1,298,dqSqTgvli,Michelle Bradley,3/1/24,1/13/27,Active,Draft
T6bx8FSu,77,ATQSJ0KIs,Emily Lamb,6/10/24,10/29/26,Active,Current
kqXAgRCI,12,eXsA49s1O,Jill Howard,3/26/24,9/13/26,Active,Current
mYr1FLwJ,216,JgBoXELdf,Todd Morales,4/3/24,7/22/26,Active,Draft
NvXHs5vH,168,zBZjTVc0G,Michael Reed,5/10/24,3/23/27,Active,Draft
1JCr4Ygo,123,W68O6dnxe,Kelsey Woods,5/11/24,10/12/26,Active,Draft
AijyKsje,151,MGYhhQoAV,Wanda Petersen,4/26/24,1/22/26,Active,Current
vsA0ebpI,287,2YvrV1MTX,Teresa Singleton,1/16/24,8/30/26,Active,Current
zSuXKHKk,71,pfWuvPuCz,Shannon Owens,12/20/24,6/16/26,Active,Draft
L1GT2Ozx,130,HENsGU8QP,Harold Lowe,9/10/24,2/18/27,Active,Draft
OaxTqsp1,158,YgMwKuwdb,Frank Harvey,1/17/24,7/6/25,Active,Current
kDNqmPl4,132,5ZfRh0Ufc,Shirley Adams,4/1/24,4/30/25,Inactive,Expired
AoL7Yfos,75,5khdktXP7,Randall Hunter,7/13/24,10/20/26,Active,Current
k3pF338p,84,s0Sw4vDDT,Alisha Perry,4/22/24,4/17/27,Active,Draft
L0P026U7,205,LFbBqNQsL,Jacob Marshall,12/11/24,6/13/27,Active,Current
uj4abY3U,48,CjMmhsujW,Jennifer Delgado,6/20/24,10/6/25,Active,Draft
uYpkQRHD,110,wPXfhWia4,George Hinton,11/30/24,3/31/26,Active,Draft
DBEfOHVA,215,qKIxBJ7HN,Anna Simmons,9/26/24,10/24/25,Active,Current
NSrYvY05,86,smkwsZ7G2,Jennifer Moore,7/31/24,7/14/26,Active,Current
T77DLiOh,95,0xiG9WUhP,Denise Evans,9/28/24,5/26/26,Active,Current
jwWUhVUX,181,HMkquxeFx,Heidi Rangel,10/17/24,12/9/25,Active,Draft
kk1HRzfE,210,zMkxbssHU,Tony Sanders,10/28/24,11/28/26,Active,Current
UY1BxWGe,222,q5O9vJJ9c,Kathryn Buchanan,12/15/24,8/16/27,Active,Current
TRl5HZjv,144,sxiswGjc6,Jennifer Rogers,2/22/24,5/30/25,Inactive,Expired
cnLKmIEm,207,46ZSRX3Ob,Jacob Nguyen,4/7/24,8/18/26,Active,Draft
99NmhQmd,245,PwSpqlDUZ,Christopher Roach,4/8/24,10/17/26,Active,Draft
KiD6T0mX,58,aPDhHKzKw,Eric Miller,9/7/24,5/13/27,Active,Draft
vLCNFpkL,66,M6hzak07S,Jasmine Downs,8/11/24,6/6/27,Active,Current
FsyDTsUz,167,bOWQvY1ro,Dylan Carter,5/4/24,3/6/27,Active,Draft
kTAXMnQC,160,293zbCDOj,Tracy Lucas,4/8/24,11/14/26,Active,Current
Pw00t5jq,68,4pHBcJRDQ,Robyn Brennan,2/17/24,8/20/26,Active,Current
9oCIYnNo,195,v5svAdfOf,Sherry Jackson,1/5/24,10/13/26,Active,Current
vG4CJESQ,13,1RSikEBKu,Julian Castro,10/23/24,5/27/26,Active,Draft
uPg95fDp,114,6pA3l33AU,Todd Morales,10/18/24,10/12/26,Active,Current
KW6WrKsv,5,U9tOUWIT7,Jason George,4/15/24,11/18/25,Active,Current
99IXAoQP,267,Ef4XY9IcZ,Daniel Mccoy,9/17/24,7/16/27,Active,Current
l0OZNJEg,128,2bNBJ1d2f,Bryan Daugherty,11/8/24,2/26/27,Active,Current
zQynENrT,115,ODMOtBGv7,Alicia Becker,3/6/24,3/22/25,Inactive,Expired
jsrwWjA5,105,j7IA26lmU,Russell Morgan,6/12/24,6/7/26,Active,Draft
EVj2ekp2,61,9TbLsP2yx,Eric Bowen,5/22/24,3/15/26,Active,Current
JiGPGvC5,138,yx3Z0SGrO,Heidi Rangel,4/12/24,12/4/26,Active,Draft
lP555BDN,264,Ge2rj8R9h,Joseph Garcia,9/27/24,5/29/26,Active,Draft
CojQYEDO,49,N3VW2KOcP,Susan Mckinney,6/16/24,1/29/26,Active,Current
OgOrIQPh,225,feDt7Swhf,Jennifer Vargas,11/17/24,11/24/25,Active,Current
Mi0lhzZK,145,2p5lDBkH2,Timothy Gonzalez,2/12/24,5/17/25,Inactive,Expired
B2JhTs1y,152,YYVXg8rY2,Anthony Ferguson,1/27/24,5/29/26,Active,Draft
CQ7Cs3qK,10,J5By7MuzB,Cameron Jenkins,4/18/24,12/15/26,Active,Draft
XN0jmi56,136,ntq6i9cY2,Bryan Daugherty,9/8/24,7/31/27,Active,Draft
7vJxUvKg,161,iluM05GDn,Jody Kemp,6/17/24,4/20/27,Active,Draft
TIUcWZ5K,23,c3x9Q0X2u,Kimberly Walton,11/3/24,12/16/26,Active,Draft
lKvsgnH1,263,21iWNKtQj,Christopher Wright,5/2/24,9/10/26,Active,Current
JOaCHbHr,179,PGGC8WfYJ,Desiree Frye,8/1/24,6/12/27,Active,Current
ulC6anW1,92,OHoG5PfQN,Christopher Ibarra,4/16/24,3/31/27,Active,Draft
z3fJY9mK,265,X6DffhWrh,Jeffrey Turner,5/17/24,2/25/27,Active,Current
sGfPmZiL,42,Zo8wlFPik,Matthew Day,3/30/24,3/20/26,Active,Draft
GsnEru7N,230,NejHp5WqX,Brandon Fry,12/22/24,8/12/26,Active,Draft
3f5qkTlP,150,gsEmDsFPJ,Crystal Walker,2/22/24,10/30/25,Active,Draft
hAaeE3jN,197,TiPgIkyBU,Bobby Johnson,10/26/24,8/24/26,Active,Current
CEsosEWs,31,ozEv11Xem,Sandra Howard,12/2/24,3/17/26,Active,Draft
PXLq8yJt,292,Xh6nUw6zn,Lisa Anderson,2/1/24,2/15/26,Active,Draft
CxeZf4FS,241,UT6tTZeVW,Charles Mullen,12/25/24,10/31/27,Active,Current
FsSmxm2i,171,HX08bNgrU,Laura Mccormick,8/31/24,7/17/27,Active,Current
lueITiSQ,57,LrUhY9z1y,Sharon Beltran,6/20/24,10/21/25,Active,Current
0fx8ObHi,60,irBHFyU8Z,Robert Jones,6/30/24,7/7/26,Active,Draft
42AvaJIb,30,bRG2cUceI,James Maddox,12/11/24,3/21/27,Active,Draft
McEGpm3S,40,BZuDKdldq,Jill Howard,7/21/24,10/21/26,Active,Current
Q26WMUeN,183,lYS91GOYm,Ryan Morrison,3/15/24,8/9/25,Active,Current
ZUM57yBX,56,lHwMPCviw,Jesse Brown,8/2/24,11/24/26,Active,Current
pnMhKPEK,177,JTxmZU7DG,Kelly Hernandez,7/29/24,6/9/27,Active,Draft
3vqxpwnk,155,ykwzVukJb,Reginald Robbins,9/19/24,4/16/26,Active,Current
Ag9cA671,94,klqhO76Lk,Mark Sanchez,5/1/24,1/2/27,Active,Draft
96LE769N,25,0kHTfolIV,John Mccormick,11/7/24,1/4/27,Active,Current
CW8MfBsh,176,uEyQfPZ7X,Pamela Adams,11/3/24,2/10/27,Active,Current
BKZttDtP,204,4g6bhD0I3,Brian Allen,9/12/24,1/25/27,Active,Draft
lf5IVkxz,65,TtgQTaikG,Kathryn Moreno,10/5/24,5/20/26,Active,Current
pbrgL5Aq,107,i2NYfQbNr,Jacqueline Lee,12/7/24,9/15/26,Active,Current
JEubfEZR,156,sbLk2Cvdt,Leah Cox,10/20/24,6/2/26,Active,Draft
H8Xn7mwS,271,TKWT6xdpV,Kathryn Larson,8/5/24,5/16/27,Active,Current
MqlcPvhw,69,KHIuad9XF,Margaret Wilkins,6/5/24,8/3/25,Active,Draft
Ias280gZ,59,vvEqkVDif,Michael Russell,11/5/24,4/9/26,Active,Draft
zb5AXuOi,244,gyggeuaW7,David Knight,4/4/24,12/22/26,Active,Draft
yIxi2O17,275,B7ZMR27bV,Michael Bell,12/22/24,3/13/27,Active,Current
KFKmjQSS,233,2XQX0vp26,Maria Holmes,4/8/24,3/12/27,Active,Current
LVgEDPg3,97,wqQjVrIYT,Anna Simmons,6/26/24,5/18/27,Active,Draft
kctffao3,149,CWTH3AedR,Scott Glover,12/25/24,5/28/26,Active,Draft
1JOD6WiY,278,dcKJaqcU4,Mark Brown,3/18/24,12/11/25,Active,Current
c5SQoq9e,190,2MRXNKkdy,Richard Kent,1/22/24,10/2/26,Active,Draft
ZTpvGXeI,121,SJtvvxIgL,Kimberly Kim,6/12/24,8/16/26,Active,Current
nf17yOcu,64,Og1eqYTbL,Mark Brewer,11/23/24,1/26/26,Active,Current
sdeEXNs4,256,16u96LPjO,Adriana Owens,9/1/24,10/11/26,Active,Current
aXjMgdUz,78,Fp1twAdeg,Charles Moore,4/2/24,4/12/25,Inactive,Expired
1nDLwwQw,254,9wGDRWGVS,Rose Ruiz,6/16/24,11/10/26,Active,Draft
lG5JKIy9,9,bZ1AOpA3M,Brian Powell,11/11/24,5/10/27,Active,Current
sGGogHTF,89,E8uOkY6aG,Amanda Jones,2/15/24,11/30/25,Active,Current
bcUosg7t,112,fpYTCzB2T,Michelle Bradley,3/15/24,3/1/27,Active,Draft
Ee7rL6Yv,223,wZXiu1PGZ,Mark Sanchez,4/9/24,11/29/26,Active,Draft
1nOgZ7mo,85,ERQjAFSBQ,Paul Griffin,10/22/24,5/22/26,Active,Draft
4NcUUO5Z,20,MBFyURgvq,Beth Gilmore,3/29/24,12/12/26,Active,Current
6Oe1OUzt,272,L6hAodPxv,Nicole Ford,10/31/24,8/14/27,Active,Draft
GgNbdFbd,7,iqyhPkHkb,Denise Boyer,6/19/24,5/19/27,Active,Current
Nn48AXgd,243,3d5nrAQYf,Travis Martin,8/9/24,1/6/27,Active,Current
TJUHS4Bf,104,oO5QIQNbo,Lisa Miller,11/12/24,3/22/26,Active,Current
6gJVoYzk,143,ca8AMrXxn,Herbert Smith,4/7/24,5/30/26,Active,Draft
Mgjn4HsO,229,Lz4Wiaeo7,Kelly Young,4/30/24,6/4/25,Active,Draft
hguz78Vu,219,NGY6uTCrW,Jacqueline Jenkins,4/27/24,7/27/25,Active,Current
8tBrKO5u,91,2SRGABVSm,Shirley Adams,12/4/24,3/27/27,Active,Current
Rjh18uee,82,SGlY2MM7d,Jacqueline Rose,2/12/24,4/20/25,Inactive,Expired
LrWAsxxm,54,Pkxw9vPw3,Jon Kelly,10/12/24,10/27/25,Active,Draft
nsB6hIPh,154,qdLLijHaT,Mary Humphrey,3/27/24,1/20/27,Active,Current
dXU8lNmB,96,5jmV9uT3v,Tonya Jones,7/10/24,2/14/26,Active,Draft
aNzQHQdx,63,efuLbJlZX,Christopher Ibarra,4/7/24,10/29/25,Active,Draft
QrxFHK6a,251,n83hlnYM5,David Meyer,1/24/24,12/13/25,Active,Current
UlKcsbuu,102,pmZ3zFy4n,Gary Collins,10/25/24,12/16/25,Active,Current
fqRMNViE,221,cE8EiqJ7W,Jody Kemp,6/20/24,12/25/25,Active,Current
Yhw0WsPj,203,UtY2pE8p4,Kevin Clark,8/14/24,1/6/27,Active,Current
SFE6W5jy,178,mIVEdK2Ch,Melissa Downs,1/29/24,10/25/26,Active,Draft
NzbQXfK2,293,L6HzseXGi,Kimberly Kim,1/27/24,9/12/25,Active,Draft
jywEoSK7,174,EXROMkCfI,Cheryl Keith,1/5/24,12/11/26,Active,Current
48mjGeZ4,1,9nJB3Na5C,Christopher Miller,12/15/24,3/20/27,Active,Draft
zwfFj7xe,67,iMXWYWm5Z,Andrew Barber,5/15/24,4/10/26,Active,Draft
e9kny0jg,277,M9fnCnwHa,Brett Blevins,12/11/24,8/8/27,Active,Current
bNJ7K2Ri,259,UFnDXHvzp,Catherine Short,10/17/24,6/26/26,Active,Draft
E5SJsw2s,234,CxtTO25zp,Sandra Daniels,6/29/24,11/18/25,Active,Current
f2hWCJei,253,u25xkSUjL,Teresa Smith,8/4/24,3/24/26,Active,Current
sOBMA7l9,33,wtbI9waYV,Theresa Green,3/8/24,4/2/26,Active,Current
hVzJL4NK,24,gVXPMyZTt,Jerome Hancock,3/1/24,10/24/26,Active,Draft
wzjCAeAQ,252,8bRduFCDR,Kenneth Singh,3/25/24,1/24/27,Active,Draft
TUeMGSoy,237,cftZCNeLr,Tanya Castillo,7/19/24,4/11/26,Active,Draft
bNkj4H39,117,mHGbIsiHe,Crystal Walker,8/21/24,12/2/26,Active,Current
6uIWtx93,214,PjrZDWWAo,Sue Thompson,6/8/24,12/21/26,Active,Draft
ScP4xhPs,103,A6zaJOutL,Jenna Taylor,6/19/24,5/3/26,Active,Current
GK0ejME6,186,oKZOS8Yjt,Alison Jones,6/9/24,12/20/26,Active,Draft
4NPsBJCP,90,D9zyi9Map,Brandon Butler,8/6/24,8/15/25,Active,Draft
qDNg7Txv,247,sPBpCiOQW,Jennifer Finley,1/13/24,3/13/26,Active,Current
TbRk3Zac,196,x3EUYGKLc,Sandra Howard,11/16/24,4/30/26,Active,Current
uyHK8Kfu,239,78olxHgmp,Brandon Cisneros,8/30/24,7/27/27,Active,Current
ABmlL4XO,182,VXB9fn25G,Sandra Daniels,12/7/24,4/29/26,Active,Current
pJrqhbTf,268,M92d9CIhF,Denise Evans,3/23/24,10/17/26,Active,Draft
NQJC2T9P,133,LkmRM1z1A,Christopher Roach,6/23/24,9/22/25,Active,Current
F6jBppOQ,74,15qkf0mzh,Michelle King,8/5/24,1/4/27,Active,Current
GLOICAL9,6,gpP0fSRxR,Teresa Singleton,11/12/24,3/10/27,Active,Draft
RZVsxU8K,213,xQFgh2TnA,Robert Flores,1/6/24,4/4/25,Inactive,Expired
SIkeF281,180,zU287tQxX,Morgan Stanley,5/19/24,9/26/26,Active,Draft
KytCXdx7,260,DlfSsUmqu,Christopher Nguyen,1/22/24,7/9/25,Active,Current
ro1786DZ,126,uVoQZjpr5,Kimberly Walton,4/2/24,10/12/26,Active,Current
3DmRpHch,236,WyOK9dtnK,Sean Matthews,4/29/24,6/17/25,Active,Draft
nhh33Oi8,35,3ircMYaRi,Jesse Brown,4/30/24,10/3/25,Active,Draft
RRZoD49T,279,DiSkswAVG,Daniel Mccoy,11/26/24,4/13/27,Active,Current
phSN6tlE,16,X8ym9PobR,Suzanne Martin,8/2/24,5/12/27,Active,Draft
Et5Tb0iz,280,DmHVzpvHb,Jeremiah Johnson,9/2/24,8/6/26,Active,Draft
3hfOTeCU,228,ge2Lh0GAk,Alicia Hoffman,7/27/24,12/9/25,Active,Draft
7q32XsWm,93,dH1pi1jWD,Bryan Daugherty,9/23/24,1/28/27,Active,Draft
MRpDh1nB,274,n8DGMUQ5p,Amanda Vaughn,12/6/24,2/15/27,Active,Draft
gRVTgfK3,134,KBPLCJ1Qo,Adriana Owens,12/15/24,4/19/26,Active,Draft
CdUoTDFr,261,ut7NUhZ7O,Robyn Brennan,4/3/24,5/25/26,Active,Current
bAZxS8yB,226,9foV7alpI,Kimberly Hernandez,1/27/24,10/9/26,Active,Draft
Ab95hdlL,250,PPoPBuiCL,David Dean,7/23/24,9/28/26,Active,Draft
4uz862Z5,4,HulXXbN74,Sierra Medina,12/29/24,2/16/26,Active,Draft
AyYCmE4k,140,Q8Q9BDVnd,Juan Stewart,1/15/24,11/5/25,Active,Current
Woxs1wFd,52,kB0S4KD78,Brett Blevins,11/25/24,10/26/26,Active,Current
SIPLtRrK,21,ZxuaqEgJO,Brad Burke,8/5/24,5/10/26,Active,Current
bkn717Bx,15,UL5onhNFA,Patricia Wright,5/2/24,3/3/26,Active,Draft
Qhs3bR1t,2,8eSs2gSkl,Vincent Carey,6/7/24,4/9/26,Active,Current
KnvJboGH,202,i6XoJeCTS,Rachael Jimenez,11/4/24,1/19/27,Active,Current
93tE99AR,29,3Ljvyavjo,Brett Howell,5/20/24,6/8/25,Active,Draft
FhJj0tIK,147,pKKtJ8PIZ,Lori Martin,8/9/24,10/10/26,Active,Draft
nIBTgzBO,120,bAnE2rcAa,Jessica Burton,4/2/24,2/6/27,Active,Current
