Name,Unit,Feature
,300,Customer Service Desk
,77,Fitness Center
,205,Parking Space
,298,Parking Space
,56,Food Court
,264,Fitness Center
,243,Kitchen
,76,Kitchen
,126,Kitchen
,289,Fitness Center
,21,Event Hall
,196,Event Hall
,194,Fitness Center
,169,Event Hall
,183,Customer Service Desk
,174,Rest Areas
,32,Retail Outlets
,66,Customer Service Desk
,213,Kitchen
,25,Parking Space
,88,Retail Outlets
,242,Parking Space
,263,Children's Play Area
,232,Entertainment Zone
,120,Rest Areas
,85,Entertainment Zone
,238,Food Court
,108,Event Hall
,118,Customer Service Desk
,105,Customer Service Desk
,199,Kitchen
,89,Food Court
,145,Fitness Center
,244,Fitness Center
,248,Children's Play Area
,300,Children's Play Area
,16,Food Court
,220,Customer Service Desk
,57,Fitness Center
,197,Customer Service Desk
,247,Fitness Center
,27,Food Court
,42,Retail Outlets
,2,Rest Areas
,139,Food Court
,71,Parking Space
,184,Children's Play Area
,115,Kitchen
,72,Customer Service Desk
,156,Retail Outlets
,24,Children's Play Area
,285,Children's Play Area
,284,Rest Areas
,179,Kitchen
,275,Kitchen
,72,Food Court
,276,Children's Play Area
,159,Children's Play Area
,70,Entertainment Zone
,168,Rest Areas
,29,Food Court
,39,Children's Play Area
,294,Kitchen
,181,Event Hall
,99,Customer Service Desk
,273,Customer Service Desk
,254,Kitchen
,259,Fitness Center
,169,Fitness Center
,90,Food Court
,206,Entertainment Zone
,25,Children's Play Area
,80,Children's Play Area
,11,Kitchen
,79,Kitchen
,46,Parking Space
,44,Retail Outlets
,92,Fitness Center
,253,Parking Space
,201,Food Court
,53,Fitness Center
,64,Rest Areas
,214,Customer Service Desk
,70,Retail Outlets
,22,Retail Outlets
,168,Retail Outlets
,236,Food Court
,157,Retail Outlets
,134,Rest Areas
,208,Rest Areas
,163,Rest Areas
,210,Parking Space
,110,Children's Play Area
,272,Event Hall
,212,Event Hall
,2,Customer Service Desk
,263,Event Hall
,3,Parking Space
,288,Event Hall
,45,Kitchen
,212,Customer Service Desk
,7,Entertainment Zone
,226,Children's Play Area
,71,Rest Areas
,91,Fitness Center
,227,Event Hall
,23,Event Hall
,150,Food Court
,219,Retail Outlets
,258,Event Hall
,21,Children's Play Area
,41,Fitness Center
,236,Children's Play Area
,43,Rest Areas
,111,Children's Play Area
,242,Rest Areas
,49,Entertainment Zone
,290,Event Hall
,216,Kitchen
,136,Children's Play Area
,42,Fitness Center
,268,Food Court
,151,Customer Service Desk
,104,Rest Areas
,186,Food Court
,111,Kitchen
,146,Fitness Center
,240,Kitchen
,94,Event Hall
,151,Parking Space
,63,Customer Service Desk
,210,Retail Outlets
,250,Fitness Center
,37,Rest Areas
,263,Retail Outlets
,21,Customer Service Desk
,300,Rest Areas
,258,Customer Service Desk
,257,Fitness Center
,105,Fitness Center
,206,Parking Space
,93,Event Hall
,253,Customer Service Desk
,79,Rest Areas
,254,Food Court
,127,Kitchen
,256,Parking Space
,62,Parking Space
,259,Kitchen
,12,Event Hall
,86,Parking Space
,225,Rest Areas
,133,Children's Play Area
,136,Customer Service Desk
,119,Parking Space
,255,Entertainment Zone
,286,Entertainment Zone
,33,Parking Space
,10,Parking Space
,215,Kitchen
,38,Fitness Center
,92,Food Court
,113,Retail Outlets
,99,Food Court
,64,Kitchen
,224,Fitness Center
,300,Entertainment Zone
,134,Retail Outlets
,281,Retail Outlets
,285,Rest Areas
,233,Fitness Center
,8,Fitness Center
,42,Children's Play Area
,223,Parking Space
,89,Rest Areas
,124,Children's Play Area
,116,Children's Play Area
,230,Parking Space
,140,Food Court
,51,Children's Play Area
,2,Parking Space
,250,Rest Areas
,286,Rest Areas
,187,Entertainment Zone
,287,Customer Service Desk
,150,Retail Outlets
,254,Children's Play Area
,94,Entertainment Zone
,274,Kitchen
,31,Fitness Center
,193,Retail Outlets
,249,Fitness Center
,94,Fitness Center
,246,Parking Space
,213,Entertainment Zone
,198,Customer Service Desk
,176,Food Court
,118,Food Court
,161,Entertainment Zone
,102,Retail Outlets
,53,Retail Outlets
,212,Children's Play Area
,12,Retail Outlets
,248,Food Court
,291,Fitness Center
,96,Event Hall
,80,Food Court
,169,Children's Play Area
,219,Event Hall
,113,Kitchen
,134,Event Hall
,274,Parking Space
,168,Fitness Center
,287,Retail Outlets
,198,Parking Space
,82,Parking Space
,260,Customer Service Desk
,266,Retail Outlets
,205,Food Court
,29,Customer Service Desk
,10,Event Hall
,196,Kitchen
,89,Fitness Center
,217,Fitness Center
,98,Entertainment Zone
,67,Food Court
,153,Rest Areas
,192,Kitchen
,225,Kitchen
,296,Kitchen
,180,Event Hall
,248,Event Hall
,244,Customer Service Desk
,233,Entertainment Zone
,73,Kitchen
,211,Fitness Center
,280,Parking Space
,178,Parking Space
,293,Customer Service Desk
,262,Event Hall
,148,Retail Outlets
,233,Children's Play Area
,207,Entertainment Zone
,68,Event Hall
,4,Event Hall
,215,Food Court
,172,Retail Outlets
,280,Food Court
,275,Food Court
,229,Event Hall
,220,Event Hall
,159,Rest Areas
,131,Event Hall
,204,Retail Outlets
,54,Children's Play Area
,294,Parking Space
,111,Entertainment Zone
,55,Parking Space
,247,Event Hall
,11,Fitness Center
,147,Entertainment Zone
,72,Kitchen
,233,Retail Outlets
,213,Children's Play Area
,69,Rest Areas
,132,Fitness Center
,87,Parking Space
,86,Entertainment Zone
,181,Fitness Center
,234,Fitness Center
,268,Rest Areas
,272,Rest Areas
,61,Event Hall
,143,Retail Outlets
,155,Customer Service Desk
,186,Kitchen
,277,Fitness Center
,200,Children's Play Area
,16,Fitness Center
,151,Retail Outlets
,54,Fitness Center
,128,Children's Play Area
,123,Children's Play Area
,63,Entertainment Zone
,239,Entertainment Zone
,51,Fitness Center
,259,Food Court
,166,Entertainment Zone
,36,Event Hall
,221,Customer Service Desk
,54,Entertainment Zone
,65,Customer Service Desk
,275,Customer Service Desk
,54,Rest Areas
,226,Kitchen
,27,Parking Space
,160,Customer Service Desk
,80,Parking Space
,81,Kitchen
,239,Children's Play Area
,186,Entertainment Zone
,74,Rest Areas
,59,Event Hall
,152,Entertainment Zone
,156,Customer Service Desk
,189,Retail Outlets
,121,Entertainment Zone
,51,Retail Outlets
,237,Kitchen
,189,Rest Areas
,29,Fitness Center
,223,Rest Areas
,136,Fitness Center
,126,Food Court
,91,Rest Areas
,149,Food Court
,46,Retail Outlets
,49,Parking Space
,78,Event Hall
,237,Rest Areas
,186,Customer Service Desk
,166,Customer Service Desk
,43,Food Court
,163,Children's Play Area
,23,Customer Service Desk
,138,Entertainment Zone
,52,Fitness Center
,116,Food Court
,105,Retail Outlets
,108,Customer Service Desk
,298,Entertainment Zone
,26,Retail Outlets
,100,Food Court
,8,Food Court
,135,Children's Play Area
,82,Retail Outlets
,107,Fitness Center
,236,Fitness Center
,16,Customer Service Desk
,283,Entertainment Zone
,112,Parking Space
,230,Kitchen
,293,Parking Space
,93,Retail Outlets
,297,Parking Space
,245,Rest Areas
,100,Event Hall
,283,Customer Service Desk
,108,Parking Space
,62,Food Court
,87,Event Hall
,233,Food Court
,247,Kitchen
,174,Children's Play Area
,153,Kitchen
,86,Food Court
,276,Kitchen
,145,Food Court
,8,Kitchen
,278,Retail Outlets
,71,Kitchen
,41,Rest Areas
,200,Rest Areas
,15,Retail Outlets
,162,Event Hall
,289,Retail Outlets
,3,Entertainment Zone
,7,Rest Areas
,236,Rest Areas
,234,Kitchen
,107,Entertainment Zone
,22,Food Court
,28,Children's Play Area
,290,Kitchen
,158,Parking Space
,67,Customer Service Desk
,15,Children's Play Area
,75,Retail Outlets
,203,Entertainment Zone
,193,Fitness Center
,299,Kitchen
,91,Children's Play Area
,284,Customer Service Desk
,298,Rest Areas
,136,Parking Space
,112,Customer Service Desk
,8,Retail Outlets
,112,Retail Outlets
,277,Customer Service Desk
,108,Food Court
,69,Food Court
,34,Event Hall
,289,Entertainment Zone
,202,Entertainment Zone
,218,Customer Service Desk
,103,Retail Outlets
,201,Rest Areas
,190,Entertainment Zone
,31,Children's Play Area
,187,Children's Play Area
,112,Food Court
,239,Food Court
,193,Entertainment Zone
,280,Customer Service Desk
,15,Parking Space
,260,Rest Areas
,229,Children's Play Area
,86,Fitness Center
,25,Entertainment Zone
,143,Food Court
,22,Parking Space
,295,Parking Space
,197,Event Hall
,133,Customer Service Desk
,281,Rest Areas
,5,Fitness Center
,140,Parking Space
,3,Kitchen
,16,Parking Space
,121,Fitness Center
,129,Parking Space
,247,Children's Play Area
,277,Entertainment Zone
,211,Event Hall
,127,Rest Areas
,188,Kitchen
,45,Rest Areas
,286,Customer Service Desk
,170,Retail Outlets
,255,Parking Space
,283,Kitchen
,218,Rest Areas
,285,Kitchen
,89,Kitchen
,68,Fitness Center
,81,Rest Areas
,59,Food Court
,174,Food Court
,113,Event Hall
,22,Event Hall
,128,Fitness Center
,130,Rest Areas
,282,Customer Service Desk
,127,Retail Outlets
,36,Food Court
,130,Food Court
,168,Children's Play Area
,267,Fitness Center
,182,Kitchen
,102,Entertainment Zone
,18,Rest Areas
,160,Parking Space
,167,Entertainment Zone
,239,Rest Areas
,22,Kitchen
,142,Kitchen
,30,Children's Play Area
,207,Rest Areas
,143,Event Hall
,76,Retail Outlets
,48,Rest Areas
,265,Event Hall
,144,Entertainment Zone
,239,Event Hall
,201,Fitness Center
,126,Children's Play Area
,265,Fitness Center
,69,Customer Service Desk
,212,Entertainment Zone
,249,Rest Areas
,121,Children's Play Area
,282,Retail Outlets
,85,Retail Outlets
,225,Parking Space
,50,Entertainment Zone
,169,Entertainment Zone
,220,Entertainment Zone
,121,Food Court
,225,Fitness Center
,209,Fitness Center
,85,Children's Play Area
,36,Kitchen
,203,Children's Play Area
,244,Retail Outlets
,219,Rest Areas
,227,Entertainment Zone
,159,Parking Space
,293,Event Hall
,264,Entertainment Zone
,238,Fitness Center
,201,Entertainment Zone
,101,Children's Play Area
,21,Rest Areas
,245,Entertainment Zone
,108,Rest Areas
,9,Children's Play Area
,150,Entertainment Zone
,297,Children's Play Area
,199,Entertainment Zone
,187,Rest Areas
,80,Kitchen
,130,Event Hall
,73,Customer Service Desk
,143,Customer Service Desk
,115,Fitness Center
,75,Fitness Center
,284,Event Hall
,284,Fitness Center
,278,Rest Areas
,44,Event Hall
,284,Parking Space
,86,Customer Service Desk
,179,Entertainment Zone
,217,Event Hall
,234,Customer Service Desk
,271,Food Court
,89,Entertainment Zone
,117,Food Court
,129,Entertainment Zone
,242,Food Court
,96,Kitchen
,61,Fitness Center
,44,Parking Space
,27,Children's Play Area
,252,Fitness Center
,246,Rest Areas
,172,Customer Service Desk
,239,Parking Space
,4,Food Court
,4,Kitchen
,39,Food Court
,215,Customer Service Desk
,235,Children's Play Area
,245,Children's Play Area
,295,Retail Outlets
,233,Kitchen
,251,Kitchen
,271,Parking Space
,165,Fitness Center
,119,Fitness Center
,19,Event Hall
,62,Kitchen
,298,Children's Play Area
,228,Retail Outlets
,76,Parking Space
,202,Customer Service Desk
,154,Rest Areas
,218,Food Court
,46,Customer Service Desk
,289,Children's Play Area
,256,Entertainment Zone
,271,Kitchen
,283,Rest Areas
,149,Parking Space
,249,Children's Play Area
,124,Retail Outlets
,170,Fitness Center
,278,Event Hall
,109,Entertainment Zone
,243,Food Court
,253,Fitness Center
,55,Customer Service Desk
,212,Food Court
,34,Children's Play Area
,35,Food Court
,291,Parking Space
,267,Customer Service Desk
,141,Customer Service Desk
,260,Parking Space
,195,Retail Outlets
,223,Retail Outlets
,184,Rest Areas
,129,Food Court
,153,Fitness Center
,106,Event Hall
,290,Customer Service Desk
,154,Kitchen
,251,Food Court
,239,Customer Service Desk
,252,Entertainment Zone
,116,Parking Space
,173,Customer Service Desk
,93,Entertainment Zone
,95,Kitchen
,14,Entertainment Zone
,174,Fitness Center
,266,Parking Space
,77,Children's Play Area
,41,Entertainment Zone
,88,Kitchen
,282,Event Hall
,46,Rest Areas
,151,Food Court
,299,Customer Service Desk
,16,Children's Play Area
,253,Retail Outlets
,142,Rest Areas
,4,Children's Play Area
,216,Fitness Center
,141,Parking Space
,277,Food Court
,30,Food Court
,61,Children's Play Area
,159,Customer Service Desk
,164,Kitchen
,124,Customer Service Desk
,214,Entertainment Zone
,246,Customer Service Desk
,282,Children's Play Area
,79,Entertainment Zone
,139,Customer Service Desk
,8,Event Hall
,130,Fitness Center
,81,Entertainment Zone
,178,Rest Areas
,55,Kitchen
,94,Rest Areas
,242,Fitness Center
,86,Kitchen
,182,Customer Service Desk
,225,Food Court
,50,Children's Play Area
,285,Customer Service Desk
,142,Customer Service Desk
,295,Rest Areas
,87,Food Court
,139,Event Hall
,298,Retail Outlets
,275,Entertainment Zone
,47,Fitness Center
,106,Kitchen
,49,Customer Service Desk
,246,Fitness Center
,7,Children's Play Area
,218,Parking Space
,237,Children's Play Area
,139,Fitness Center
,184,Food Court
,220,Food Court
,155,Food Court
,196,Children's Play Area
,99,Children's Play Area
,50,Rest Areas
,204,Fitness Center
,265,Kitchen
,36,Rest Areas
,60,Parking Space
,79,Retail Outlets
,129,Fitness Center
,240,Rest Areas
,185,Entertainment Zone
,39,Entertainment Zone
,257,Food Court
,140,Kitchen
,58,Customer Service Desk
,82,Entertainment Zone
,150,Event Hall
,171,Food Court
,98,Food Court
,224,Kitchen
,280,Kitchen
,69,Event Hall
,235,Retail Outlets
,65,Children's Play Area
,275,Parking Space
,6,Customer Service Desk
,294,Children's Play Area
,178,Fitness Center
,133,Event Hall
,223,Customer Service Desk
,8,Parking Space
,197,Entertainment Zone
,101,Rest Areas
,139,Retail Outlets
,9,Event Hall
,245,Customer Service Desk
,277,Kitchen
,176,Customer Service Desk
,284,Retail Outlets
,210,Entertainment Zone
,104,Parking Space
,185,Food Court
,36,Customer Service Desk
,124,Rest Areas
,60,Fitness Center
,35,Kitchen
,259,Retail Outlets
,30,Kitchen
,283,Event Hall
,216,Customer Service Desk
,200,Food Court
,23,Fitness Center
,130,Customer Service Desk
,188,Rest Areas
,19,Entertainment Zone
,101,Entertainment Zone
,286,Kitchen
,38,Entertainment Zone
,95,Retail Outlets
,66,Parking Space
,208,Fitness Center
,201,Parking Space
,59,Parking Space
,235,Kitchen
,237,Fitness Center
,28,Customer Service Desk
,68,Kitchen
,184,Fitness Center
,263,Kitchen
,166,Event Hall
,24,Parking Space
,247,Food Court
,165,Parking Space
,209,Kitchen
,205,Rest Areas
,57,Customer Service Desk
,136,Food Court
,118,Event Hall
,264,Customer Service Desk
,294,Event Hall
,118,Parking Space
,287,Event Hall
,129,Kitchen
,11,Customer Service Desk
,199,Fitness Center
,166,Retail Outlets
,38,Children's Play Area
,215,Rest Areas
,5,Customer Service Desk
,101,Kitchen
,213,Food Court
,56,Customer Service Desk
,28,Fitness Center
,221,Fitness Center
,75,Customer Service Desk
,226,Customer Service Desk
,39,Retail Outlets
,187,Customer Service Desk
,224,Parking Space
,176,Parking Space
,108,Entertainment Zone
,102,Children's Play Area
,115,Food Court
,240,Fitness Center
,41,Event Hall
,117,Customer Service Desk
,274,Fitness Center
,83,Fitness Center
,239,Fitness Center
,188,Parking Space
,156,Food Court
,227,Children's Play Area
,105,Children's Play Area
,245,Food Court
,246,Food Court
,287,Rest Areas
,160,Retail Outlets
,97,Parking Space
,110,Event Hall
,112,Kitchen
,66,Entertainment Zone
,211,Retail Outlets
,172,Event Hall
,205,Event Hall
,36,Entertainment Zone
,270,Retail Outlets
,264,Parking Space
,22,Customer Service Desk
,285,Entertainment Zone
,113,Fitness Center
,72,Fitness Center
,138,Children's Play Area
,292,Children's Play Area
,218,Kitchen
,251,Entertainment Zone
,62,Children's Play Area
,79,Fitness Center
,16,Kitchen
,195,Food Court
,64,Children's Play Area
,197,Parking Space
,96,Food Court
,222,Fitness Center
,163,Food Court
,210,Customer Service Desk
,136,Kitchen
,164,Customer Service Desk
,50,Fitness Center
,20,Children's Play Area
,230,Retail Outlets
,206,Event Hall
,123,Retail Outlets
,65,Entertainment Zone
,15,Rest Areas
,118,Entertainment Zone
,19,Fitness Center
,288,Entertainment Zone
,5,Children's Play Area
,197,Rest Areas
,176,Fitness Center
,50,Parking Space
,25,Event Hall
,35,Children's Play Area
,133,Fitness Center
,188,Children's Play Area
,287,Food Court
,129,Retail Outlets
,25,Rest Areas
,88,Event Hall
,270,Children's Play Area
,232,Rest Areas
,224,Entertainment Zone
,52,Rest Areas
,31,Parking Space
,225,Children's Play Area
,25,Kitchen
,270,Rest Areas
,271,Rest Areas
,247,Entertainment Zone
,135,Entertainment Zone
,14,Kitchen
,279,Customer Service Desk
,133,Rest Areas
,102,Rest Areas
,131,Retail Outlets
,114,Rest Areas
,56,Children's Play Area
,198,Kitchen
,166,Fitness Center
,95,Event Hall
,70,Food Court
,125,Parking Space
,36,Fitness Center
,293,Rest Areas
,193,Rest Areas
,75,Food Court
,50,Food Court
,218,Fitness Center
,113,Rest Areas
,143,Entertainment Zone
,141,Event Hall
,279,Food Court
,227,Fitness Center
,83,Entertainment Zone
,165,Customer Service Desk
,238,Children's Play Area
,33,Fitness Center
,192,Children's Play Area
,127,Children's Play Area
,251,Rest Areas
,211,Rest Areas
,258,Entertainment Zone
,94,Children's Play Area
,116,Fitness Center
,13,Parking Space
,134,Food Court
,286,Retail Outlets
,104,Food Court
,221,Entertainment Zone
,163,Kitchen
,126,Fitness Center
,87,Customer Service Desk
,128,Entertainment Zone
,78,Parking Space
,144,Fitness Center
,180,Fitness Center
,85,Fitness Center
,154,Food Court
,163,Parking Space
,162,Customer Service Desk
,170,Entertainment Zone
,172,Kitchen
,266,Rest Areas
,243,Entertainment Zone
,6,Parking Space
,256,Rest Areas
,230,Rest Areas
,244,Rest Areas
,133,Retail Outlets
,171,Event Hall
,39,Fitness Center
,37,Food Court
,229,Entertainment Zone
,57,Food Court
,150,Kitchen
,40,Customer Service Desk
,126,Event Hall
,131,Rest Areas
,49,Fitness Center
,178,Event Hall
,45,Fitness Center
,46,Food Court
,295,Food Court
,245,Parking Space
,196,Fitness Center
,59,Fitness Center
,49,Retail Outlets
,178,Kitchen
,240,Children's Play Area
,269,Retail Outlets
,127,Fitness Center
,191,Children's Play Area
,192,Fitness Center
,290,Food Court
,212,Rest Areas
,54,Food Court
,200,Parking Space
,179,Customer Service Desk
,188,Fitness Center
,52,Children's Play Area
,157,Event Hall
,243,Event Hall
,142,Children's Play Area
,88,Children's Play Area
,25,Fitness Center
,0,Fitness Center
,137,Entertainment Zone
,229,Customer Service Desk
,222,Retail Outlets
,112,Event Hall
,274,Event Hall
,120,Fitness Center
,293,Entertainment Zone
,111,Food Court
,219,Food Court
,140,Entertainment Zone
,265,Retail Outlets
,233,Parking Space
,155,Fitness Center
,17,Retail Outlets
,160,Kitchen
,144,Rest Areas
,73,Entertainment Zone
,109,Customer Service Desk
,252,Parking Space
,188,Customer Service Desk
,146,Event Hall
,77,Event Hall
,121,Kitchen
,109,Food Court
,186,Rest Areas
,184,Kitchen
,207,Retail Outlets
,125,Kitchen
,270,Event Hall
,162,Parking Space
,99,Event Hall
,217,Customer Service Desk
,296,Food Court
,206,Fitness Center
,167,Kitchen
,107,Retail Outlets
,40,Children's Play Area
,46,Fitness Center
,66,Fitness Center
,199,Parking Space
,195,Kitchen
,111,Rest Areas
,0,Rest Areas
,291,Kitchen
,272,Customer Service Desk
,202,Rest Areas
,18,Event Hall
,142,Retail Outlets
,74,Children's Play Area
,256,Retail Outlets
,121,Parking Space
,56,Event Hall
,101,Fitness Center
,108,Kitchen
,249,Parking Space
,75,Entertainment Zone
,144,Customer Service Desk
,42,Kitchen
,300,Food Court
,0,Food Court
,128,Food Court
,162,Retail Outlets
,235,Parking Space
,78,Children's Play Area
,81,Customer Service Desk
,105,Kitchen
,52,Food Court
,87,Retail Outlets
,249,Entertainment Zone
,191,Entertainment Zone
,1,Parking Space
,2,Retail Outlets
,157,Fitness Center
,156,Entertainment Zone
,269,Rest Areas
,228,Kitchen
,73,Fitness Center
,136,Event Hall
,53,Rest Areas
,150,Fitness Center
,246,Children's Play Area
,215,Entertainment Zone
,209,Parking Space
,84,Food Court
