Name,Module,Date,Room,Faculty,Academic Year,Faculty Name
CSE-656_Class_2,Re-Intermediate Rich Bandwidth,2024-09-26 08:42:27,11,Dr. Ada Lovelace,2024,1
CSE-966_Class_2,Empower Revolutionary Markets,2024-10-24 10:07:57,87,Dr. Charles Babbage,2024,2
CSE-758_Class_2,Engage Transparent Convergence,2024-09-12 09:49:58,77,Dr. Alan Turing,2024,3
CSE-554_Class_2,Reinvent Best-Of-Breed Experiences,2024-12-09 14:53:49,69,Dr. Carl Friedrich Gauss,2024,4
CSE-457_Class_2,Facilitate Magnetic Synergies,2024-10-01 09:42:34,47,Dr. Isaac Newton,2024,5
CSE-287_Class_2,Redefine Distributed Vortals,2024-09-09 15:49:24,9,Dr. Richard Feynman,2024,6
CSE-935_Class_2,Leverage Revolutionary Web Services,2024-08-16 09:04:01,42,Dr. Marie Curie,2024,7
CSE-200_Class_2,Generate Extensible Partnerships,2024-11-14 16:55:04,1,Dr. Albert Einstein,2024,8
CSE-340_Class_2,Disintermediate Bleeding-Edge Technologies,2024-11-27 11:33:41,30,Dr. Robert Boyle,2024,9
CSE-209_Class_2,Visualize Cross-Media Info-Mediaries,2024-09-06 10:40:15,3,Dr. Dmitri Mendeleev,2024,10
CSE-656_Class_1,Re-Intermediate Rich Bandwidth,2024-12-30 13:09:12,37,Dr. Ada Lovelace,2024,1
CSE-966_Class_1,Empower Revolutionary Markets,2024-11-27 10:39:17,16,Dr. Charles Babbage,2024,2
CSE-758_Class_1,Engage Transparent Convergence,2024-10-07 08:24:23,92,Dr. Alan Turing,2024,3
CSE-554_Class_1,Reinvent Best-Of-Breed Experiences,2024-09-05 12:27:49,27,Dr. Carl Friedrich Gauss,2024,4
CSE-457_Class_1,Facilitate Magnetic Synergies,2024-12-20 12:26:17,43,Dr. Isaac Newton,2024,5
CSE-287_Class_1,Redefine Distributed Vortals,2024-10-16 13:29:57,94,Dr. Richard Feynman,2024,6
CSE-935_Class_1,Leverage Revolutionary Web Services,2024-10-31 09:52:24,87,Dr. Marie Curie,2024,7
CSE-200_Class_1,Generate Extensible Partnerships,2024-12-23 08:58:29,10,Dr. Albert Einstein,2024,8
CSE-340_Class_1,Disintermediate Bleeding-Edge Technologies,2024-10-21 09:42:20,17,Dr. Robert Boyle,2024,9
CSE-209_Class_1,Visualize Cross-Media Info-Mediaries,2024-12-03 08:51:09,17,Dr. Dmitri Mendeleev,2024,10
CSE-656_Class_3,Re-Intermediate Rich Bandwidth,2024-10-29 11:15:12,38,Dr. Ada Lovelace,2024,1
CSE-966_Class_3,Empower Revolutionary Markets,2024-10-03 10:08:02,74,Dr. Charles Babbage,2024,2
CSE-758_Class_3,Engage Transparent Convergence,2024-11-14 11:15:44,34,Dr. Alan Turing,2024,3
CSE-554_Class_3,Reinvent Best-Of-Breed Experiences,2024-11-21 10:30:18,54,Dr. Carl Friedrich Gauss,2024,4
CSE-457_Class_3,Facilitate Magnetic Synergies,2024-08-19 12:53:35,20,Dr. Isaac Newton,2024,5
CSE-287_Class_3,Redefine Distributed Vortals,2024-08-22 12:35:39,33,Dr. Richard Feynman,2024,6
CSE-935_Class_3,Leverage Revolutionary Web Services,2024-08-14 16:21:22,32,Dr. Marie Curie,2024,7
CSE-200_Class_3,Generate Extensible Partnerships,2024-09-02 10:10:17,16,Dr. Albert Einstein,2024,8
CSE-340_Class_3,Disintermediate Bleeding-Edge Technologies,2024-08-14 10:37:33,4,Dr. Robert Boyle,2024,9
CSE-209_Class_3,Visualize Cross-Media Info-Mediaries,2024-10-15 15:25:20,99,Dr. Dmitri Mendeleev,2024,10
CSE-191_Class_1,Mesh Extensible Systems,2024-08-19 08:12:43,62,Dr. Linus Pauling,2024,11
CSE-181_Class_1,Orchestrate Extensible Vortals,2024-08-13 09:29:26,62,Dr. Jane Goodall,2024,12
CSE-798_Class_1,Enable Cross-Platform Methodologies,2024-08-22 12:06:49,15,Dr. Charles Darwin,2024,13
CSE-307_Class_1,Enhance Cutting-Edge Markets,2024-12-25 15:05:17,25,Dr. Rosalind Franklin,2024,14
CSE-925_Class_1,E-Enable Strategic Info-Mediaries,2024-09-27 12:53:42,10,Dr. Samuel Johnson,2024,15
CSE-223_Class_1,Facilitate Cutting-Edge Experiences,2024-11-18 09:19:05,67,Dr. Virginia Woolf,2024,16
CSE-839_Class_1,Mesh B2C Relationships,2024-10-31 08:03:50,82,Dr. William Wordsworth,2024,17
CSE-273_Class_1,Leverage End-To-End Methodologies,2024-11-08 14:20:07,82,Dr. Simon Schama,2024,18
CSE-931_Class_1,Deploy Holistic Mindshare,2024-08-28 12:04:31,68,Dr. Mary Beard,2024,19
CSE-926_Class_1,Extend Real-Time Solutions,2024-10-25 11:02:15,18,Dr. Eric Hobsbawm,2024,20
CSE-191_Class_2,Mesh Extensible Systems,2024-12-25 09:32:34,83,Dr. Linus Pauling,2024,11
CSE-181_Class_2,Orchestrate Extensible Vortals,2024-11-28 14:02:56,47,Dr. Jane Goodall,2024,12
CSE-798_Class_2,Enable Cross-Platform Methodologies,2024-12-13 14:31:51,26,Dr. Charles Darwin,2024,13
CSE-307_Class_2,Enhance Cutting-Edge Markets,2024-09-02 09:48:52,65,Dr. Rosalind Franklin,2024,14
CSE-925_Class_2,E-Enable Strategic Info-Mediaries,2024-08-20 14:31:15,51,Dr. Samuel Johnson,2024,15
CSE-223_Class_2,Facilitate Cutting-Edge Experiences,2024-08-28 13:03:07,38,Dr. Virginia Woolf,2024,16
CSE-839_Class_2,Mesh B2C Relationships,2024-12-30 11:16:26,34,Dr. William Wordsworth,2024,17
CSE-273_Class_2,Leverage End-To-End Methodologies,2024-08-19 10:09:35,14,Dr. Simon Schama,2024,18
CSE-931_Class_2,Deploy Holistic Mindshare,2024-10-04 12:37:00,52,Dr. Mary Beard,2024,19
CSE-926_Class_2,Extend Real-Time Solutions,2024-12-13 09:49:14,17,Dr. Eric Hobsbawm,2024,20
CSE-191_Class_3,Mesh Extensible Systems,2024-11-20 14:43:34,17,Dr. Linus Pauling,2024,11
CSE-181_Class_3,Orchestrate Extensible Vortals,2024-10-04 13:31:00,11,Dr. Jane Goodall,2024,12
CSE-798_Class_3,Enable Cross-Platform Methodologies,2024-10-16 15:32:48,35,Dr. Charles Darwin,2024,13
CSE-307_Class_3,Enhance Cutting-Edge Markets,2024-11-21 15:58:56,43,Dr. Rosalind Franklin,2024,14
CSE-925_Class_3,E-Enable Strategic Info-Mediaries,2024-08-16 08:13:37,35,Dr. Samuel Johnson,2024,15
CSE-223_Class_3,Facilitate Cutting-Edge Experiences,2024-12-23 10:42:48,79,Dr. Virginia Woolf,2024,16
CSE-839_Class_3,Mesh B2C Relationships,2024-08-27 14:22:34,78,Dr. William Wordsworth,2024,17
CSE-273_Class_3,Leverage End-To-End Methodologies,2024-08-26 09:38:00,94,Dr. Simon Schama,2024,18
CSE-931_Class_3,Deploy Holistic Mindshare,2024-10-07 12:23:49,53,Dr. Mary Beard,2024,19
CSE-926_Class_3,Extend Real-Time Solutions,2024-10-04 15:10:59,86,Dr. Eric Hobsbawm,2024,20
CSE-277_Class_2,Harness Proactive Technologies,2024-10-17 15:14:58,76,Dr. David Livingstone,2024,21
CSE-482_Class_2,Whiteboard Revolutionary Mindshare,2024-12-02 08:42:31,36,Dr. Ellen Semple,2024,23
CSE-689_Class_2,Syndicate Collaborative Platforms,2024-10-24 12:55:13,85,Dr. John Maynard Keynes,2024,24
CSE-631_Class_2,Integrate Front-End Platforms,2024-08-29 14:08:32,10,Dr. Adam Smith,2024,25
CSE-436_Class_2,Maximize Extensible Models,2024-10-11 12:39:52,81,Dr. Milton Friedman,2024,26
CSE-105_Class_2,Orchestrate Leading-Edge E-Tailers,2024-11-14 11:58:45,72,Dr. Niccola Machiavelli,2024,27
CSE-921_Class_2,Re-Intermediate Sticky E-Commerce,2024-12-03 16:51:50,84,Dr. Thomas Hobbes,2024,28
CSE-297_Class_2,Re-Intermediate Plug-And-Play E-Tailers,2024-09-25 13:27:43,82,Dr. Henry Kissinger,2024,29
CSE-268_Class_2,Strategize Strategic Schemas,2024-10-08 10:57:19,74,Dr. Karl Marx,2024,30
CSE-277_Class_1,Harness Proactive Technologies,2024-12-04 08:16:32,30,Dr. David Livingstone,2024,21
CSE-482_Class_1,Whiteboard Revolutionary Mindshare,2024-12-26 16:12:40,9,Dr. Ellen Semple,2024,23
CSE-689_Class_1,Syndicate Collaborative Platforms,2024-11-08 08:47:00,94,Dr. John Maynard Keynes,2024,24
CSE-631_Class_1,Integrate Front-End Platforms,2024-10-01 09:03:45,39,Dr. Adam Smith,2024,25
CSE-436_Class_1,Maximize Extensible Models,2024-08-21 13:44:10,35,Dr. Milton Friedman,2024,26
CSE-105_Class_1,Orchestrate Leading-Edge E-Tailers,2024-10-21 15:33:07,82,Dr. Niccola Machiavelli,2024,27
CSE-921_Class_1,Re-Intermediate Sticky E-Commerce,2024-12-24 14:15:39,48,Dr. Thomas Hobbes,2024,28
CSE-297_Class_1,Re-Intermediate Plug-And-Play E-Tailers,2024-10-10 09:44:26,82,Dr. Henry Kissinger,2024,29
CSE-268_Class_1,Strategize Strategic Schemas,2024-11-28 10:15:58,58,Dr. Karl Marx,2024,30
CSE-277_Class_3,Harness Proactive Technologies,2024-11-12 15:56:55,65,Dr. David Livingstone,2024,21
CSE-482_Class_3,Whiteboard Revolutionary Mindshare,2024-08-22 15:40:39,15,Dr. Ellen Semple,2024,23
CSE-689_Class_3,Syndicate Collaborative Platforms,2024-08-15 10:05:24,57,Dr. John Maynard Keynes,2024,24
CSE-631_Class_3,Integrate Front-End Platforms,2024-12-13 09:24:53,55,Dr. Adam Smith,2024,25
CSE-436_Class_3,Maximize Extensible Models,2024-12-11 09:40:47,10,Dr. Milton Friedman,2024,26
CSE-105_Class_3,Orchestrate Leading-Edge E-Tailers,2024-09-12 16:41:07,84,Dr. Niccola Machiavelli,2024,27
CSE-921_Class_3,Re-Intermediate Sticky E-Commerce,2024-11-18 15:57:19,26,Dr. Thomas Hobbes,2024,28
CSE-297_Class_3,Re-Intermediate Plug-And-Play E-Tailers,2024-12-16 14:32:26,90,Dr. Henry Kissinger,2024,29
CSE-268_Class_3,Strategize Strategic Schemas,2024-10-01 10:08:06,2,Dr. Karl Marx,2024,30
CSE-146_Class_3,Revolutionize Out-Of-The-Box Convergence,2024-08-26 10:10:53,99,Dr. Jane Addams,2024,31
CSE-594_Class_3,E-Enable Granular Deliverables,2024-08-20 16:32:35,57,Dr. Emile Durkheim,2024,32
CSE-383_Class_3,Engineer Rich Networks,2024-09-19 13:16:42,97,Dr. Sigmund Freud,2024,33
CSE-323_Class_3,Deliver Out-Of-The-Box Experiences,2024-08-13 10:03:13,25,Dr. Carl Jung,2024,34
CSE-195_Class_3,Deploy Back-End Systems,2024-09-13 13:26:08,59,Dr. B.F. Skinner,2024,35
CSE-180_Class_3,Syndicate Clicks-And-Mortar Networks,2024-10-15 13:06:45,15,Dr. Plato Olympus,2024,36
CSE-915_Class_3,Repurpose End-To-End Technologies,2024-11-27 11:36:52,87,Dr. Immanuel Kant,2024,37
CSE-141_Class_3,Enable Cross-Media Info-Mediaries,2024-12-06 14:39:22,31,Dr. Friedrich Nietzsche,2024,38
CSE-458_Class_3,Brand Scalable Bandwidth,2024-08-20 12:17:27,79,Dr. Ruth Bader Ginsburg,2024,39
CSE-788_Class_3,Transition Vertical E-Commerce,2024-10-08 11:36:00,7,Dr. Oliver Wendell Holmes,2024,40
CSE-146_Class_1,Revolutionize Out-Of-The-Box Convergence,2024-11-06 11:19:30,33,Dr. Jane Addams,2024,31
CSE-594_Class_1,E-Enable Granular Deliverables,2024-12-30 16:26:25,20,Dr. Emile Durkheim,2024,32
CSE-383_Class_1,Engineer Rich Networks,2024-10-17 12:47:10,15,Dr. Sigmund Freud,2024,33
CSE-323_Class_1,Deliver Out-Of-The-Box Experiences,2024-12-04 14:50:29,8,Dr. Carl Jung,2024,34
CSE-195_Class_1,Deploy Back-End Systems,2024-10-15 08:15:20,31,Dr. B.F. Skinner,2024,35
CSE-180_Class_1,Syndicate Clicks-And-Mortar Networks,2024-08-12 11:12:19,22,Dr. Plato Olympus,2024,36
CSE-915_Class_1,Repurpose End-To-End Technologies,2024-09-12 13:14:47,99,Dr. Immanuel Kant,2024,37
CSE-141_Class_1,Enable Cross-Media Info-Mediaries,2024-12-17 14:03:55,35,Dr. Friedrich Nietzsche,2024,38
CSE-458_Class_1,Brand Scalable Bandwidth,2024-12-27 14:53:25,93,Dr. Ruth Bader Ginsburg,2024,39
CSE-788_Class_1,Transition Vertical E-Commerce,2024-09-09 16:49:19,21,Dr. Oliver Wendell Holmes,2024,40
CSE-146_Class_2,Revolutionize Out-Of-The-Box Convergence,2024-09-18 14:45:03,81,Dr. Jane Addams,2024,31
CSE-594_Class_2,E-Enable Granular Deliverables,2024-11-06 16:34:22,85,Dr. Emile Durkheim,2024,32
CSE-383_Class_2,Engineer Rich Networks,2024-12-20 10:26:45,10,Dr. Sigmund Freud,2024,33
CSE-323_Class_2,Deliver Out-Of-The-Box Experiences,2024-09-18 13:00:34,79,Dr. Carl Jung,2024,34
CSE-195_Class_2,Deploy Back-End Systems,2024-11-01 13:26:55,67,Dr. B.F. Skinner,2024,35
CSE-180_Class_2,Syndicate Clicks-And-Mortar Networks,2024-08-26 13:57:20,84,Dr. Plato Olympus,2024,36
CSE-915_Class_2,Repurpose End-To-End Technologies,2024-09-30 16:58:09,34,Dr. Immanuel Kant,2024,37
CSE-141_Class_2,Enable Cross-Media Info-Mediaries,2024-12-20 16:04:29,74,Dr. Friedrich Nietzsche,2024,38
CSE-458_Class_2,Brand Scalable Bandwidth,2024-09-19 08:17:38,38,Dr. Ruth Bader Ginsburg,2024,39
CSE-788_Class_2,Transition Vertical E-Commerce,2024-11-08 09:54:38,15,Dr. Oliver Wendell Holmes,2024,40
CSE-967_Class_3,Scale Front-End Communities,2024-11-25 09:05:52,73,Dr. William Blackstone,2024,41
CSE-676_Class_3,Utilize Holistic Action-Items,2024-09-05 15:43:04,73,Dr. Hippocrates Hercule,2024,42
CSE-919_Class_3,Extend Granular Supply-Chains,2024-08-14 08:31:57,48,Dr. William Osler,2024,43
CSE-152_Class_3,Extend 24/365 E-Services,2024-10-08 11:06:29,54,Dr. Joseph Lister,2024,44
CSE-464_Class_3,Whiteboard Killer E-Commerce,2024-09-16 13:09:42,12,Dr. Pierre Fauchard,2024,45
CSE-134_Class_3,Engineer One-To-One Portals,2024-11-29 10:54:05,62,Dr. Greene Vardiman Black,2024,46
CSE-848_Class_3,Optimize Back-End Networks,2024-09-23 09:46:36,62,Dr. Peter Drucker,2024,47
CSE-373_Class_3,Facilitate Next-Generation Synergies,2024-12-12 12:43:26,42,Dr. Florence Nightingale,2024,48
CSE-914_Class_3,Harness Compelling Info-Mediaries,2024-09-27 08:44:55,10,Dr. Virginia Henderson,2024,49
CSE-701_Class_3,Morph Cross-Platform Deliverables,2024-12-10 11:42:32,79,Dr. Hildegard Peplau,2024,50
CSE-967_Class_1,Scale Front-End Communities,2024-09-19 14:15:10,35,Dr. William Blackstone,2024,41
CSE-676_Class_1,Utilize Holistic Action-Items,2024-08-26 15:43:28,77,Dr. Hippocrates Hercule,2024,42
CSE-919_Class_1,Extend Granular Supply-Chains,2024-09-04 16:23:07,40,Dr. William Osler,2024,43
CSE-152_Class_1,Extend 24/365 E-Services,2024-09-17 16:21:39,78,Dr. Joseph Lister,2024,44
CSE-464_Class_1,Whiteboard Killer E-Commerce,2024-11-28 16:41:14,90,Dr. Pierre Fauchard,2024,45
CSE-134_Class_1,Engineer One-To-One Portals,2024-10-16 09:41:13,48,Dr. Greene Vardiman Black,2024,46
CSE-848_Class_1,Optimize Back-End Networks,2024-12-04 09:39:34,69,Dr. Peter Drucker,2024,47
CSE-373_Class_1,Facilitate Next-Generation Synergies,2024-09-19 14:06:00,47,Dr. Florence Nightingale,2024,48
CSE-914_Class_1,Harness Compelling Info-Mediaries,2024-11-05 13:56:02,69,Dr. Virginia Henderson,2024,49
CSE-701_Class_1,Morph Cross-Platform Deliverables,2024-10-17 08:39:02,24,Dr. Hildegard Peplau,2024,50
CSE-967_Class_2,Scale Front-End Communities,2024-12-12 13:43:48,25,Dr. William Blackstone,2024,41
CSE-676_Class_2,Utilize Holistic Action-Items,2024-11-07 15:27:37,68,Dr. Hippocrates Hercule,2024,42
CSE-919_Class_2,Extend Granular Supply-Chains,2024-11-19 09:17:48,22,Dr. William Osler,2024,43
CSE-152_Class_2,Extend 24/365 E-Services,2024-10-03 11:40:37,44,Dr. Joseph Lister,2024,44
CSE-464_Class_2,Whiteboard Killer E-Commerce,2024-11-13 13:10:26,6,Dr. Pierre Fauchard,2024,45
CSE-134_Class_2,Engineer One-To-One Portals,2024-10-04 14:17:06,44,Dr. Greene Vardiman Black,2024,46
CSE-848_Class_2,Optimize Back-End Networks,2024-12-23 13:51:37,79,Dr. Peter Drucker,2024,47
CSE-373_Class_2,Facilitate Next-Generation Synergies,2024-10-21 13:53:12,10,Dr. Florence Nightingale,2024,48
CSE-914_Class_2,Harness Compelling Info-Mediaries,2024-11-15 11:16:40,58,Dr. Virginia Henderson,2024,49
CSE-701_Class_2,Morph Cross-Platform Deliverables,2024-12-18 14:14:28,36,Dr. Hildegard Peplau,2024,50
CSE-128_Class_1,Productize Revolutionary Supply-Chains,2024-12-11 14:14:59,37,Dr. William Procter,2024,51
CSE-563_Class_1,Aggregate Efficient Eyeballs,2024-11-27 08:03:21,60,Dr. Edward Parrish,2024,52
CSE-118_Class_1,Maximize Turn-Key Applications,2024-12-16 13:08:50,53,Dr. Martin Wilbert,2024,53
CSE-466_Class_1,Deploy Integrated Supply-Chains,2024-12-24 16:49:01,84,Dr. Donald Smith,2024,55
CSE-471_Class_1,Facilitate Global Solutions,2024-09-10 15:45:54,70,Dr. Bernard Rollin,2024,56
CSE-979_Class_1,Innovate Real-Time Content,2024-08-28 11:33:59,6,Dr. Nikola Tesla,2024,57
CSE-158_Class_1,Harness Best-Of-Breed Deliverables,2024-12-16 14:12:23,24,Dr. Elon Musk,2024,58
CSE-896_Class_1,Strategize Proactive E-Services,2024-12-20 12:00:27,42,Dr. George Stephenson,2024,59
CSE-626_Class_1,Synthesize Cross-Media Metrics,2024-09-23 09:11:37,72,Dr. Henry Ford,2024,60
CSE-128_Class_2,Productize Revolutionary Supply-Chains,2024-08-20 13:38:24,8,Dr. William Procter,2024,51
CSE-563_Class_2,Aggregate Efficient Eyeballs,2024-10-08 08:56:01,1,Dr. Edward Parrish,2024,52
CSE-118_Class_2,Maximize Turn-Key Applications,2024-09-06 14:00:26,59,Dr. Martin Wilbert,2024,53
CSE-466_Class_2,Deploy Integrated Supply-Chains,2024-09-03 09:21:28,73,Dr. Donald Smith,2024,55
CSE-471_Class_2,Facilitate Global Solutions,2024-12-26 12:35:00,16,Dr. Bernard Rollin,2024,56
CSE-979_Class_2,Innovate Real-Time Content,2024-10-14 16:43:08,87,Dr. Nikola Tesla,2024,57
CSE-158_Class_2,Harness Best-Of-Breed Deliverables,2024-09-11 12:36:47,79,Dr. Elon Musk,2024,58
CSE-896_Class_2,Strategize Proactive E-Services,2024-11-20 12:11:42,73,Dr. George Stephenson,2024,59
CSE-626_Class_2,Synthesize Cross-Media Metrics,2024-11-08 14:43:20,20,Dr. Henry Ford,2024,60
CSE-128_Class_3,Productize Revolutionary Supply-Chains,2024-12-10 08:50:46,44,Dr. William Procter,2024,51
CSE-563_Class_3,Aggregate Efficient Eyeballs,2024-08-23 15:48:25,56,Dr. Edward Parrish,2024,52
CSE-118_Class_3,Maximize Turn-Key Applications,2024-09-20 08:58:05,8,Dr. Martin Wilbert,2024,53
CSE-466_Class_3,Deploy Integrated Supply-Chains,2024-12-30 16:53:21,3,Dr. Donald Smith,2024,55
CSE-471_Class_3,Facilitate Global Solutions,2024-11-19 15:51:41,13,Dr. Bernard Rollin,2024,56
CSE-979_Class_3,Innovate Real-Time Content,2024-11-04 10:26:57,87,Dr. Nikola Tesla,2024,57
CSE-158_Class_3,Harness Best-Of-Breed Deliverables,2024-10-18 16:39:40,79,Dr. Elon Musk,2024,58
CSE-896_Class_3,Strategize Proactive E-Services,2024-09-04 13:48:38,73,Dr. George Stephenson,2024,59
CSE-626_Class_3,Synthesize Cross-Media Metrics,2024-12-12 08:48:18,52,Dr. Henry Ford,2024,60
CSE-745_Class_1,Extend Integrated Architectures,2024-12-26 08:11:18,32,Dr. James Watt,2024,61
CSE-715_Class_1,Whiteboard Killer Models,2024-10-07 08:45:48,79,Dr. Stephen Timoshenko,2024,62
CSE-650_Class_1,Strategize Integrated E-Tailers,2024-09-19 10:28:05,17,Dr. Isambard Kingdom Brunel,2024,65
CSE-342_Class_1,Optimize Open-Source Web Services,2024-09-02 10:09:10,79,Dr. Gustave Eiffel,2024,66
CSE-630_Class_1,Integrate Intuitive Systems,2024-12-05 12:15:57,64,Dr. Karl Terzaghi,2024,67
CSE-403_Class_1,Engage Ubiquitous Technologies,2024-10-11 09:05:22,94,Dr. George E. Davis,2024,68
CSE-805_Class_1,Re-Intermediate Integrated Systems,2024-09-02 08:25:11,21,Dr. Carl Bosch,2024,69
CSE-806_Class_1,Repurpose 24/7 Communities,2024-10-14 10:28:50,54,Dr. Warren K. Lewis,2024,70
CSE-745_Class_2,Extend Integrated Architectures,2024-10-24 12:07:31,26,Dr. James Watt,2024,61
CSE-715_Class_2,Whiteboard Killer Models,2024-10-01 09:01:19,85,Dr. Stephen Timoshenko,2024,62
CSE-650_Class_2,Strategize Integrated E-Tailers,2024-10-04 12:55:24,6,Dr. Isambard Kingdom Brunel,2024,65
CSE-342_Class_2,Optimize Open-Source Web Services,2024-09-02 12:59:45,59,Dr. Gustave Eiffel,2024,66
CSE-630_Class_2,Integrate Intuitive Systems,2024-09-23 09:03:50,87,Dr. Karl Terzaghi,2024,67
CSE-403_Class_2,Engage Ubiquitous Technologies,2024-09-13 16:13:25,53,Dr. George E. Davis,2024,68
CSE-805_Class_2,Re-Intermediate Integrated Systems,2024-09-12 16:27:14,74,Dr. Carl Bosch,2024,69
CSE-806_Class_2,Repurpose 24/7 Communities,2024-09-25 08:09:20,37,Dr. Warren K. Lewis,2024,70
CSE-745_Class_3,Extend Integrated Architectures,2024-08-15 12:01:20,60,Dr. James Watt,2024,61
CSE-715_Class_3,Whiteboard Killer Models,2024-11-19 09:15:52,84,Dr. Stephen Timoshenko,2024,62
CSE-650_Class_3,Strategize Integrated E-Tailers,2024-10-22 09:07:28,39,Dr. Isambard Kingdom Brunel,2024,65
CSE-342_Class_3,Optimize Open-Source Web Services,2024-11-01 16:34:57,15,Dr. Gustave Eiffel,2024,66
CSE-630_Class_3,Integrate Intuitive Systems,2024-11-25 13:01:15,79,Dr. Karl Terzaghi,2024,67
CSE-403_Class_3,Engage Ubiquitous Technologies,2024-11-04 10:19:20,91,Dr. George E. Davis,2024,68
CSE-805_Class_3,Re-Intermediate Integrated Systems,2024-10-23 08:00:17,8,Dr. Carl Bosch,2024,69
CSE-806_Class_3,Repurpose 24/7 Communities,2024-08-16 16:43:47,23,Dr. Warren K. Lewis,2024,70
CSE-840_Class_1,Engage Real-Time Paradigms,2024-09-02 11:05:59,42,Dr. Wernher von Braun,2024,71
CSE-207_Class_1,Brand Value-Added E-Markets,2024-12-23 16:41:35,18,Dr. Robert Goddard,2024,72
CSE-242_Class_1,Re-Contextualize Viral Technologies,2024-09-26 11:53:04,38,Dr. Theodore von Karman,2024,73
CSE-382_Class_1,Whiteboard Front-End Roi,2024-12-10 13:09:06,82,Dr. Rachel Carson,2024,74
CSE-544_Class_1,Deliver Real-Time Architectures,2024-12-19 08:50:14,12,Dr. Elinor Ostrom,2024,75
CSE-801_Class_1,Productize Wireless Deliverables,2024-11-21 16:07:41,88,Dr. Gro Harlem Brundtland,2024,76
CSE-546_Class_1,Productize Frictionless Methodologies,2024-10-23 13:18:41,91,Dr. Sylvia Earle,2024,77
CSE-740_Class_1,Mesh Cutting-Edge Action-Items,2024-12-13 15:49:06,27,Dr. Jacques Cousteau,2024,78
CSE-825_Class_1,Syndicate Turn-Key Roi,2024-10-25 12:33:55,73,Dr. Eugenie Clark,2024,79
CSE-321_Class_1,Morph Revolutionary Content,2024-12-27 10:55:04,88,Dr. Carl Sagan,2024,80
CSE-840_Class_2,Engage Real-Time Paradigms,2024-11-19 10:41:31,72,Dr. Wernher von Braun,2024,71
CSE-207_Class_2,Brand Value-Added E-Markets,2024-09-24 11:00:51,35,Dr. Robert Goddard,2024,72
CSE-242_Class_2,Re-Contextualize Viral Technologies,2024-12-23 12:06:00,13,Dr. Theodore von Karman,2024,73
CSE-382_Class_2,Whiteboard Front-End Roi,2024-11-20 12:19:46,76,Dr. Rachel Carson,2024,74
CSE-544_Class_2,Deliver Real-Time Architectures,2024-11-21 08:38:28,75,Dr. Elinor Ostrom,2024,75
CSE-801_Class_2,Productize Wireless Deliverables,2024-11-22 09:24:02,67,Dr. Gro Harlem Brundtland,2024,76
CSE-546_Class_2,Productize Frictionless Methodologies,2024-10-08 15:16:21,32,Dr. Sylvia Earle,2024,77
CSE-740_Class_2,Mesh Cutting-Edge Action-Items,2024-09-04 11:00:34,42,Dr. Jacques Cousteau,2024,78
CSE-825_Class_2,Syndicate Turn-Key Roi,2024-08-19 10:09:08,53,Dr. Eugenie Clark,2024,79
CSE-321_Class_2,Morph Revolutionary Content,2024-08-16 10:37:05,94,Dr. Carl Sagan,2024,80
CSE-840_Class_3,Engage Real-Time Paradigms,2024-10-01 12:10:18,42,Dr. Wernher von Braun,2024,71
CSE-207_Class_3,Brand Value-Added E-Markets,2024-12-20 09:29:19,95,Dr. Robert Goddard,2024,72
CSE-242_Class_3,Re-Contextualize Viral Technologies,2024-09-13 16:42:44,6,Dr. Theodore von Karman,2024,73
CSE-382_Class_3,Whiteboard Front-End Roi,2024-08-21 11:49:55,40,Dr. Rachel Carson,2024,74
CSE-544_Class_3,Deliver Real-Time Architectures,2024-08-22 10:05:29,68,Dr. Elinor Ostrom,2024,75
CSE-801_Class_3,Productize Wireless Deliverables,2024-08-30 16:07:37,28,Dr. Gro Harlem Brundtland,2024,76
CSE-546_Class_3,Productize Frictionless Methodologies,2024-10-01 12:01:36,12,Dr. Sylvia Earle,2024,77
CSE-740_Class_3,Mesh Cutting-Edge Action-Items,2024-11-15 10:50:24,41,Dr. Jacques Cousteau,2024,78
CSE-825_Class_3,Syndicate Turn-Key Roi,2024-08-23 10:16:28,35,Dr. Eugenie Clark,2024,79
CSE-321_Class_3,Morph Revolutionary Content,2024-09-05 14:42:26,67,Dr. Carl Sagan,2024,80
CSE-165_Class_2,Incubate Vertical Paradigms,2024-12-18 10:37:24,6,Dr. Edwin Hubble,2024,81
CSE-261_Class_2,Engage Web-Enabled Deliverables,2024-10-01 10:24:21,69,Dr. Stephen Hawking,2024,82
CSE-598_Class_2,Productize Frictionless Initiatives,2024-11-27 12:21:43,65,Dr. Margaret Mead,2024,83
CSE-190_Class_2,Evolve Integrated Architectures,2024-08-19 14:27:35,67,Dr. Franz Boas,2024,84
CSE-959_Class_2,Streamline Integrated Supply-Chains,2024-12-30 09:42:29,5,Dr. Bronisa aw Malinowski,2024,85
CSE-241_Class_2,Facilitate Plug-And-Play Info-Mediaries,2024-08-28 16:18:59,91,Dr. Howard Carter,2024,86
CSE-970_Class_2,Optimize Transparent Web Services,2024-09-23 12:29:00,77,Dr. Kathleen Kenyon,2024,87
CSE-529_Class_2,Maximize Interactive Roi,2024-08-16 14:35:06,71,Dr. Gordon Childe,2024,88
CSE-422_Class_2,Monetize Front-End Eyeballs,2024-09-24 09:01:46,78,Dr. Ferdinand de Saussure,2024,90
CSE-165_Class_3,Incubate Vertical Paradigms,2024-09-26 15:29:07,16,Dr. Edwin Hubble,2024,81
CSE-261_Class_3,Engage Web-Enabled Deliverables,2024-11-14 09:28:18,58,Dr. Stephen Hawking,2024,82
CSE-598_Class_3,Productize Frictionless Initiatives,2024-12-16 16:05:37,13,Dr. Margaret Mead,2024,83
CSE-190_Class_3,Evolve Integrated Architectures,2024-11-11 15:41:23,81,Dr. Franz Boas,2024,84
CSE-959_Class_3,Streamline Integrated Supply-Chains,2024-10-01 09:40:47,30,Dr. Bronisa aw Malinowski,2024,85
CSE-241_Class_3,Facilitate Plug-And-Play Info-Mediaries,2024-09-18 09:34:17,81,Dr. Howard Carter,2024,86
CSE-970_Class_3,Optimize Transparent Web Services,2024-12-06 15:10:21,5,Dr. Kathleen Kenyon,2024,87
CSE-529_Class_3,Maximize Interactive Roi,2024-10-09 13:14:37,20,Dr. Gordon Childe,2024,88
CSE-422_Class_3,Monetize Front-End Eyeballs,2024-09-18 15:32:16,18,Dr. Ferdinand de Saussure,2024,90
CSE-165_Class_1,Incubate Vertical Paradigms,2024-09-20 15:49:38,7,Dr. Edwin Hubble,2024,81
CSE-261_Class_1,Engage Web-Enabled Deliverables,2024-10-10 11:34:20,50,Dr. Stephen Hawking,2024,82
CSE-598_Class_1,Productize Frictionless Initiatives,2024-09-30 11:10:58,23,Dr. Margaret Mead,2024,83
CSE-190_Class_1,Evolve Integrated Architectures,2024-12-30 09:09:31,58,Dr. Franz Boas,2024,84
CSE-959_Class_1,Streamline Integrated Supply-Chains,2024-11-28 14:42:27,82,Dr. Bronisa aw Malinowski,2024,85
CSE-241_Class_1,Facilitate Plug-And-Play Info-Mediaries,2024-11-05 14:37:58,31,Dr. Howard Carter,2024,86
CSE-970_Class_1,Optimize Transparent Web Services,2024-09-16 09:21:48,11,Dr. Kathleen Kenyon,2024,87
CSE-529_Class_1,Maximize Interactive Roi,2024-10-09 14:08:31,79,Dr. Gordon Childe,2024,88
CSE-422_Class_1,Monetize Front-End Eyeballs,2024-08-19 16:10:30,99,Dr. Ferdinand de Saussure,2024,90
CSE-625_Class_2,Maximize Visionary Experiences,2024-09-02 16:35:07,70,Dr. Roman Jakobson,2024,91
CSE-157_Class_2,Implement 24/365 Functionalities,2024-12-17 16:30:48,13,Dr. Edith Hall,2024,92
CSE-549_Class_2,Reinvent Real-Time Relationships,2024-12-31 08:52:38,6,Dr. Michael Porter,2024,93
CSE-468_Class_2,Expedite Mission-Critical Markets,2024-10-14 09:47:43,54,Dr. Andrew Wallace-Hadrill,2024,94
CSE-711_Class_2,Transform Interactive Deliverables,2024-11-07 14:51:27,13,Dr. John Berger,2024,96
CSE-237_Class_2,Implement Integrated Supply-Chains,2024-09-25 08:53:57,54,Dr. Rosalind Krauss,2024,97
CSE-573_Class_2,Grow Intuitive Relationships,2024-10-17 08:18:10,96,Dr. Ludwig van Beethoven,2024,98
CSE-785_Class_2,E-Enable User-Centric Functionalities,2024-09-02 15:48:41,15,Dr. Igor Stravinsky,2024,100
CSE-625_Class_3,Maximize Visionary Experiences,2024-09-04 10:27:47,10,Dr. Roman Jakobson,2024,91
CSE-157_Class_3,Implement 24/365 Functionalities,2024-09-03 16:22:57,1,Dr. Edith Hall,2024,92
CSE-549_Class_3,Reinvent Real-Time Relationships,2024-11-15 15:33:00,55,Dr. Michael Porter,2024,93
CSE-468_Class_3,Expedite Mission-Critical Markets,2024-09-11 13:03:50,81,Dr. Andrew Wallace-Hadrill,2024,94
CSE-711_Class_3,Transform Interactive Deliverables,2024-12-06 13:00:41,27,Dr. John Berger,2024,96
CSE-237_Class_3,Implement Integrated Supply-Chains,2024-09-30 12:20:38,38,Dr. Rosalind Krauss,2024,97
CSE-573_Class_3,Grow Intuitive Relationships,2024-10-11 14:21:51,27,Dr. Ludwig van Beethoven,2024,98
CSE-785_Class_3,E-Enable User-Centric Functionalities,2024-11-27 16:04:22,34,Dr. Igor Stravinsky,2024,100
CSE-625_Class_1,Maximize Visionary Experiences,2024-09-09 11:26:27,56,Dr. Roman Jakobson,2024,91
CSE-157_Class_1,Implement 24/365 Functionalities,2024-11-12 14:40:58,68,Dr. Edith Hall,2024,92
CSE-549_Class_1,Reinvent Real-Time Relationships,2024-12-23 14:13:52,99,Dr. Michael Porter,2024,93
CSE-468_Class_1,Expedite Mission-Critical Markets,2024-09-17 09:14:00,59,Dr. Andrew Wallace-Hadrill,2024,94
CSE-711_Class_1,Transform Interactive Deliverables,2024-10-09 13:26:49,95,Dr. John Berger,2024,96
CSE-237_Class_1,Implement Integrated Supply-Chains,2024-08-29 15:45:42,10,Dr. Rosalind Krauss,2024,97
CSE-573_Class_1,Grow Intuitive Relationships,2024-08-13 12:09:14,29,Dr. Ludwig van Beethoven,2024,98
CSE-785_Class_1,E-Enable User-Centric Functionalities,2024-08-30 10:31:42,55,Dr. Igor Stravinsky,2024,100
CSE-588_Class_2,Disintermediate Rich Supply-Chains,2024-08-29 12:57:46,57,Dr. William Shakespeare,2024,101
CSE-720_Class_2,Re-Contextualize Extensible Channels,2024-12-27 10:33:41,94,Dr. Constantin Stanislavski,2024,102
CSE-144_Class_2,Productize Front-End Bandwidth,2024-10-11 09:56:43,79,Dr.Krista Hoffman,2024,108
CSE-872_Class_2,Orchestrate Viral Channels,2024-10-18 15:09:37,89,Dr.Kevin Rios,2024,112
CSE-500_Class_2,Optimize Customized Eyeballs,2024-08-28 16:45:48,52,Dr.Cathy Atkins,2024,120
CSE-609_Class_2,Expedite Rich Architectures,2024-12-23 09:22:50,11,Dr.Elizabeth Arroyo,2024,121
CSE-405_Class_2,Leverage Wireless Markets,2024-10-21 12:42:10,80,Dr.Christina Martinez,2024,124
CSE-864_Class_2,Transform Value-Added Experiences,2024-12-23 15:23:29,43,Dr.Elizabeth Castaneda,2024,135
CSE-588_Class_1,Disintermediate Rich Supply-Chains,2024-12-24 11:58:52,100,Dr. William Shakespeare,2024,101
CSE-720_Class_1,Re-Contextualize Extensible Channels,2024-08-14 16:13:30,9,Dr. Constantin Stanislavski,2024,102
CSE-144_Class_1,Productize Front-End Bandwidth,2024-11-06 09:35:07,83,Dr.Krista Hoffman,2024,108
CSE-872_Class_1,Orchestrate Viral Channels,2024-10-23 13:40:49,62,Dr.Kevin Rios,2024,112
CSE-500_Class_1,Optimize Customized Eyeballs,2024-12-30 10:05:37,31,Dr.Cathy Atkins,2024,120
CSE-609_Class_1,Expedite Rich Architectures,2024-08-30 09:50:28,34,Dr.Elizabeth Arroyo,2024,121
CSE-405_Class_1,Leverage Wireless Markets,2024-09-04 09:46:25,26,Dr.Christina Martinez,2024,124
CSE-864_Class_1,Transform Value-Added Experiences,2024-10-09 14:18:46,36,Dr.Elizabeth Castaneda,2024,135
CSE-588_Class_3,Disintermediate Rich Supply-Chains,2024-12-12 11:37:23,91,Dr. William Shakespeare,2024,101
CSE-720_Class_3,Re-Contextualize Extensible Channels,2024-11-26 12:38:19,54,Dr. Constantin Stanislavski,2024,102
CSE-144_Class_3,Productize Front-End Bandwidth,2024-12-25 10:02:21,64,Dr.Krista Hoffman,2024,108
CSE-872_Class_3,Orchestrate Viral Channels,2024-09-18 14:42:34,1,Dr.Kevin Rios,2024,112
CSE-500_Class_3,Optimize Customized Eyeballs,2024-11-19 09:31:54,19,Dr.Cathy Atkins,2024,120
CSE-609_Class_3,Expedite Rich Architectures,2024-08-28 08:36:08,55,Dr.Elizabeth Arroyo,2024,121
CSE-405_Class_3,Leverage Wireless Markets,2024-11-15 12:06:56,70,Dr.Christina Martinez,2024,124
CSE-864_Class_3,Transform Value-Added Experiences,2024-08-22 13:42:28,52,Dr.Elizabeth Castaneda,2024,135
CSE-702_Class_1,Optimize Sticky Architectures,2024-10-11 12:38:27,76,Dr.Mary Rogers,2024,142
CSE-870_Class_1,Cultivate Dot-Com Partnerships,2024-12-04 09:35:17,25,Dr.Audrey Miller,2024,146
CSE-292_Class_1,Engineer Web-Enabled Convergence,2024-11-11 08:00:14,42,Dr.Elaine Smith,2024,150
CSE-126_Class_1,Exploit World-Class Applications,2024-10-10 09:20:49,5,Dr.Leslie Brown,2024,152
CSE-763_Class_1,Evolve Bricks-And-Clicks Schemas,2024-10-01 14:14:50,19,Dr.Keith Gonzales,2024,156
CSE-565_Class_1,Optimize End-To-End Supply-Chains,2024-10-11 11:06:14,74,Dr.Shawn Gordon,2024,162
CSE-616_Class_1,Aggregate Dynamic Roi,2024-12-20 13:51:50,61,Dr.Melissa Osborne,2024,168
CSE-750_Class_1,Unleash Extensible Metrics,2024-11-28 09:40:52,33,Dr.Scott Roberson,2024,175
CSE-610_Class_1,Grow Value-Added E-Tailers,2024-09-10 14:49:31,27,Dr.Jerry Santiago,2024,178
CSE-737_Class_1,Syndicate Integrated Platforms,2024-12-17 15:26:14,52,Dr.Mike Webster,2024,179
CSE-702_Class_2,Optimize Sticky Architectures,2024-10-29 12:52:28,10,Dr.Mary Rogers,2024,142
CSE-870_Class_2,Cultivate Dot-Com Partnerships,2024-09-16 08:14:14,14,Dr.Audrey Miller,2024,146
CSE-292_Class_2,Engineer Web-Enabled Convergence,2024-12-26 12:49:45,21,Dr.Elaine Smith,2024,150
CSE-126_Class_2,Exploit World-Class Applications,2024-09-20 11:31:41,10,Dr.Leslie Brown,2024,152
CSE-763_Class_2,Evolve Bricks-And-Clicks Schemas,2024-08-30 15:15:58,87,Dr.Keith Gonzales,2024,156
CSE-565_Class_2,Optimize End-To-End Supply-Chains,2024-09-16 16:05:08,96,Dr.Shawn Gordon,2024,162
CSE-616_Class_2,Aggregate Dynamic Roi,2024-12-04 11:30:08,38,Dr.Melissa Osborne,2024,168
CSE-750_Class_2,Unleash Extensible Metrics,2024-11-12 08:40:40,18,Dr.Scott Roberson,2024,175
CSE-610_Class_2,Grow Value-Added E-Tailers,2024-08-23 13:54:02,66,Dr.Jerry Santiago,2024,178
CSE-737_Class_2,Syndicate Integrated Platforms,2024-11-15 15:36:11,35,Dr.Mike Webster,2024,179
CSE-702_Class_3,Optimize Sticky Architectures,2024-08-22 14:08:48,26,Dr.Mary Rogers,2024,142
CSE-870_Class_3,Cultivate Dot-Com Partnerships,2024-08-30 10:04:56,99,Dr.Audrey Miller,2024,146
CSE-292_Class_3,Engineer Web-Enabled Convergence,2024-09-02 09:01:29,5,Dr.Elaine Smith,2024,150
CSE-126_Class_3,Exploit World-Class Applications,2024-09-10 12:14:11,77,Dr.Leslie Brown,2024,152
CSE-763_Class_3,Evolve Bricks-And-Clicks Schemas,2024-08-19 08:41:23,89,Dr.Keith Gonzales,2024,156
CSE-565_Class_3,Optimize End-To-End Supply-Chains,2024-10-16 15:05:21,92,Dr.Shawn Gordon,2024,162
CSE-616_Class_3,Aggregate Dynamic Roi,2024-09-10 16:32:05,80,Dr.Melissa Osborne,2024,168
CSE-750_Class_3,Unleash Extensible Metrics,2024-09-20 15:24:50,98,Dr.Scott Roberson,2024,175
CSE-610_Class_3,Grow Value-Added E-Tailers,2024-10-31 09:00:36,47,Dr.Jerry Santiago,2024,178
CSE-737_Class_3,Syndicate Integrated Platforms,2024-11-06 10:10:09,94,Dr.Mike Webster,2024,179
MATH-294_Class_1,Synergize Ubiquitous Relationships,2024-08-20 09:06:46,8,Dr.Jennifer Williams,2024,184
MATH-758_Class_1,Empower User-Centric Niches,2024-08-27 09:22:32,45,Dr.Kristin Thomas,2024,185
MATH-428_Class_1,Empower Enterprise Convergence,2024-11-29 10:47:56,95,Dr.Christopher Johnson,2024,194
MATH-862_Class_1,Benchmark Open-Source E-Services,2024-09-09 14:55:49,58,Dr.Matthew Long,2024,196
MATH-594_Class_1,Unleash B2C Roi,2024-09-19 15:50:15,35,Dr.Douglas Jones,2024,201
MATH-157_Class_1,Mesh B2B E-Markets,2024-09-27 14:00:22,16,Dr.Donald Hess,2024,204
MATH-243_Class_1,Leverage Killer Models,2024-11-14 09:41:01,15,Dr.Robert Smith,2024,205
MATH-728_Class_1,Transform User-Centric Roi,2024-10-14 15:54:04,63,Dr.Heather Robinson,2024,207
MATH-880_Class_1,Productize Visionary Roi,2024-09-03 12:52:28,77,Dr.Rachel Graham,2024,208
MATH-970_Class_1,Evolve Turn-Key Supply-Chains,2024-09-04 16:28:41,93,Dr.Randy Walker,2024,223
MATH-294_Class_3,Synergize Ubiquitous Relationships,2024-09-04 09:31:32,22,Dr.Jennifer Williams,2024,184
MATH-758_Class_3,Empower User-Centric Niches,2024-11-01 09:04:06,9,Dr.Kristin Thomas,2024,185
MATH-428_Class_3,Empower Enterprise Convergence,2024-09-24 14:48:18,35,Dr.Christopher Johnson,2024,194
MATH-862_Class_3,Benchmark Open-Source E-Services,2024-12-04 16:42:34,85,Dr.Matthew Long,2024,196
MATH-594_Class_3,Unleash B2C Roi,2024-11-04 13:42:19,9,Dr.Douglas Jones,2024,201
MATH-157_Class_3,Mesh B2B E-Markets,2024-12-17 10:52:55,56,Dr.Donald Hess,2024,204
MATH-243_Class_3,Leverage Killer Models,2024-11-26 14:39:11,46,Dr.Robert Smith,2024,205
MATH-728_Class_3,Transform User-Centric Roi,2024-09-10 14:20:38,8,Dr.Heather Robinson,2024,207
MATH-880_Class_3,Productize Visionary Roi,2024-08-16 09:35:10,29,Dr.Rachel Graham,2024,208
MATH-970_Class_3,Evolve Turn-Key Supply-Chains,2024-09-25 14:26:53,68,Dr.Randy Walker,2024,223
MATH-294_Class_2,Synergize Ubiquitous Relationships,2024-12-19 10:00:35,3,Dr.Jennifer Williams,2024,184
MATH-758_Class_2,Empower User-Centric Niches,2024-08-19 12:52:28,33,Dr.Kristin Thomas,2024,185
MATH-428_Class_2,Empower Enterprise Convergence,2024-09-17 16:29:47,35,Dr.Christopher Johnson,2024,194
MATH-862_Class_2,Benchmark Open-Source E-Services,2024-09-25 12:21:50,36,Dr.Matthew Long,2024,196
MATH-594_Class_2,Unleash B2C Roi,2024-11-07 12:01:08,59,Dr.Douglas Jones,2024,201
MATH-157_Class_2,Mesh B2B E-Markets,2024-11-05 10:35:09,21,Dr.Donald Hess,2024,204
MATH-243_Class_2,Leverage Killer Models,2024-09-02 10:35:27,86,Dr.Robert Smith,2024,205
MATH-728_Class_2,Transform User-Centric Roi,2024-10-23 16:40:26,80,Dr.Heather Robinson,2024,207
MATH-880_Class_2,Productize Visionary Roi,2024-11-07 14:28:41,90,Dr.Rachel Graham,2024,208
MATH-970_Class_2,Evolve Turn-Key Supply-Chains,2024-09-30 14:46:56,19,Dr.Randy Walker,2024,223
MATH-915_Class_3,Deploy Next-Generation Portals,2024-10-10 13:45:14,49,Dr.Seth Brown,2024,232
MATH-624_Class_3,Envisioneer Customized Bandwidth,2024-11-05 13:00:02,41,Dr.Alyssa White,2024,234
MATH-245_Class_3,Enhance Bleeding-Edge Web-Readiness,2024-11-14 09:31:44,100,Dr.Jennifer Ruiz,2024,235
MATH-479_Class_3,Morph Wireless Platforms,2024-11-28 09:55:19,93,Dr.James Stewart,2024,236
MATH-551_Class_3,Evolve One-To-One Content,2024-11-06 13:00:01,76,Dr.Vanessa Dillon,2024,246
MATH-452_Class_3,E-Enable Interactive Vortals,2024-10-21 15:48:17,52,Dr.Kimberly Buchanan,2024,248
MATH-816_Class_3,Benchmark Distributed Models,2024-10-04 12:13:16,3,Dr.Clifford Williams,2024,249
MATH-384_Class_3,Target Killer Metrics,2024-10-21 11:31:17,56,Dr.Jennifer Hammond,2024,250
MATH-787_Class_3,Unleash Ubiquitous Portals,2024-11-06 16:06:22,14,Dr.Teresa Barajas,2024,256
MATH-677_Class_3,Iterate Mission-Critical E-Markets,2024-11-15 12:25:51,9,Dr.Stacey Green,2024,261
MATH-915_Class_2,Deploy Next-Generation Portals,2024-11-20 09:55:55,15,Dr.Seth Brown,2024,232
MATH-624_Class_2,Envisioneer Customized Bandwidth,2024-10-31 12:40:47,83,Dr.Alyssa White,2024,234
MATH-245_Class_2,Enhance Bleeding-Edge Web-Readiness,2024-09-10 12:30:44,9,Dr.Jennifer Ruiz,2024,235
MATH-479_Class_2,Morph Wireless Platforms,2024-12-18 08:31:34,48,Dr.James Stewart,2024,236
MATH-551_Class_2,Evolve One-To-One Content,2024-11-20 12:10:29,30,Dr.Vanessa Dillon,2024,246
MATH-452_Class_2,E-Enable Interactive Vortals,2024-11-25 11:23:54,40,Dr.Kimberly Buchanan,2024,248
MATH-816_Class_2,Benchmark Distributed Models,2024-11-28 15:18:45,35,Dr.Clifford Williams,2024,249
MATH-384_Class_2,Target Killer Metrics,2024-12-11 13:19:48,22,Dr.Jennifer Hammond,2024,250
MATH-787_Class_2,Unleash Ubiquitous Portals,2024-11-19 15:44:29,64,Dr.Teresa Barajas,2024,256
MATH-677_Class_2,Iterate Mission-Critical E-Markets,2024-10-30 09:43:22,34,Dr.Stacey Green,2024,261
MATH-915_Class_1,Deploy Next-Generation Portals,2024-08-16 14:11:57,87,Dr.Seth Brown,2024,232
MATH-624_Class_1,Envisioneer Customized Bandwidth,2024-10-22 11:23:24,34,Dr.Alyssa White,2024,234
MATH-245_Class_1,Enhance Bleeding-Edge Web-Readiness,2024-10-28 10:15:34,80,Dr.Jennifer Ruiz,2024,235
MATH-479_Class_1,Morph Wireless Platforms,2024-09-19 10:28:44,97,Dr.James Stewart,2024,236
MATH-551_Class_1,Evolve One-To-One Content,2024-08-16 16:11:49,46,Dr.Vanessa Dillon,2024,246
MATH-452_Class_1,E-Enable Interactive Vortals,2024-08-21 11:40:51,6,Dr.Kimberly Buchanan,2024,248
MATH-816_Class_1,Benchmark Distributed Models,2024-08-12 11:02:41,97,Dr.Clifford Williams,2024,249
MATH-384_Class_1,Target Killer Metrics,2024-09-19 09:50:38,88,Dr.Jennifer Hammond,2024,250
MATH-787_Class_1,Unleash Ubiquitous Portals,2024-11-06 14:16:39,38,Dr.Teresa Barajas,2024,256
MATH-677_Class_1,Iterate Mission-Critical E-Markets,2024-12-10 16:29:23,92,Dr.Stacey Green,2024,261
MATH-212_Class_3,Matrix Revolutionary Networks,2024-11-22 12:07:47,15,Dr.Brenda Weber,2024,266
MATH-961_Class_3,Incentivize Innovative E-Commerce,2024-09-12 13:50:16,40,Dr.Nicholas Smith,2024,274
MATH-581_Class_3,Innovate Proactive Mindshare,2024-08-28 15:56:23,13,Dr.Sharon Harris,2024,278
MATH-697_Class_3,Seize Bricks-And-Clicks Models,2024-08-20 14:03:35,54,Dr.Erik Sanders,2024,280
MATH-935_Class_3,Iterate Bricks-And-Clicks Web Services,2024-10-29 08:29:02,18,Dr.Rita Brooks,2024,282
MATH-247_Class_3,Brand Clicks-And-Mortar Action-Items,2024-10-22 14:05:10,55,Dr.Linda Fowler,2024,285
MATH-164_Class_3,Harness Cross-Platform Markets,2024-09-25 13:08:44,78,Dr.Regina Moody,2024,288
MATH-386_Class_3,Reinvent Granular Markets,2024-11-01 15:00:47,18,Dr.Claire Conway,2024,290
MATH-580_Class_3,Strategize Transparent Metrics,2024-08-19 13:08:31,53,Dr.Zachary Coleman,2024,291
MATH-559_Class_3,Facilitate Viral Architectures,2024-09-10 14:15:07,34,Dr.Mark Perez,2024,292
MATH-212_Class_1,Matrix Revolutionary Networks,2024-08-27 16:44:48,32,Dr.Brenda Weber,2024,266
MATH-961_Class_1,Incentivize Innovative E-Commerce,2024-08-14 15:55:15,89,Dr.Nicholas Smith,2024,274
MATH-581_Class_1,Innovate Proactive Mindshare,2024-09-24 10:34:20,80,Dr.Sharon Harris,2024,278
MATH-697_Class_1,Seize Bricks-And-Clicks Models,2024-11-04 14:16:15,64,Dr.Erik Sanders,2024,280
MATH-935_Class_1,Iterate Bricks-And-Clicks Web Services,2024-11-27 10:19:54,39,Dr.Rita Brooks,2024,282
MATH-247_Class_1,Brand Clicks-And-Mortar Action-Items,2024-10-11 10:19:57,44,Dr.Linda Fowler,2024,285
MATH-164_Class_1,Harness Cross-Platform Markets,2024-10-07 16:42:00,61,Dr.Regina Moody,2024,288
MATH-386_Class_1,Reinvent Granular Markets,2024-12-30 11:47:37,13,Dr.Claire Conway,2024,290
MATH-580_Class_1,Strategize Transparent Metrics,2024-12-20 11:22:58,20,Dr.Zachary Coleman,2024,291
MATH-559_Class_1,Facilitate Viral Architectures,2024-09-05 11:40:32,7,Dr.Mark Perez,2024,292
MATH-212_Class_2,Matrix Revolutionary Networks,2024-08-26 08:51:34,38,Dr.Brenda Weber,2024,266
MATH-961_Class_2,Incentivize Innovative E-Commerce,2024-11-13 11:06:28,8,Dr.Nicholas Smith,2024,274
MATH-581_Class_2,Innovate Proactive Mindshare,2024-11-22 08:13:17,73,Dr.Sharon Harris,2024,278
MATH-697_Class_2,Seize Bricks-And-Clicks Models,2024-10-28 09:47:00,39,Dr.Erik Sanders,2024,280
MATH-935_Class_2,Iterate Bricks-And-Clicks Web Services,2024-11-27 10:49:56,41,Dr.Rita Brooks,2024,282
MATH-247_Class_2,Brand Clicks-And-Mortar Action-Items,2024-09-11 10:12:27,64,Dr.Linda Fowler,2024,285
MATH-164_Class_2,Harness Cross-Platform Markets,2024-10-10 10:00:19,20,Dr.Regina Moody,2024,288
MATH-386_Class_2,Reinvent Granular Markets,2024-08-21 13:06:34,29,Dr.Claire Conway,2024,290
MATH-580_Class_2,Strategize Transparent Metrics,2024-08-12 14:56:40,53,Dr.Zachary Coleman,2024,291
MATH-559_Class_2,Facilitate Viral Architectures,2024-08-23 08:35:14,35,Dr.Mark Perez,2024,292
MATH-703_Class_2,Target World-Class Interfaces,2024-11-18 08:14:47,47,Dr.Melissa Ross,2024,294
MATH-211_Class_2,Transform Magnetic Systems,2024-08-26 10:15:13,47,Dr.Brian Martin,2024,295
MATH-404_Class_2,Visualize Granular Web-Readiness,2024-08-13 13:06:42,26,Dr.Roberta Anderson,2024,300
MATH-457_Class_2,Productize Revolutionary Applications,2024-08-12 09:56:56,43,Dr.Crystal Cline,2024,307
MATH-305_Class_2,Visualize Ubiquitous Partnerships,2024-12-23 15:34:49,28,Dr.Jeremiah Moss,2024,322
MATH-542_Class_2,Enhance Turn-Key Systems,2024-12-02 11:09:34,35,Dr.Jennifer Jones,2024,326
MATH-493_Class_2,Transition End-To-End Relationships,2024-10-24 09:00:18,85,Dr.Angela Paul,2024,327
MATH-819_Class_2,Expedite Synergistic Niches,2024-08-14 15:19:57,62,Dr.Kristen Miller,2024,330
MATH-180_Class_2,Aggregate Global E-Commerce,2024-10-03 12:37:13,60,Dr.Stephen Meyer,2024,332
MATH-218_Class_2,Transition Bricks-And-Clicks Interfaces,2024-12-27 15:12:57,45,Dr.Crystal Zhang,2024,338
MATH-703_Class_3,Target World-Class Interfaces,2024-10-15 08:00:09,36,Dr.Melissa Ross,2024,294
MATH-211_Class_3,Transform Magnetic Systems,2024-10-24 13:08:34,37,Dr.Brian Martin,2024,295
MATH-404_Class_3,Visualize Granular Web-Readiness,2024-11-26 08:59:24,7,Dr.Roberta Anderson,2024,300
MATH-457_Class_3,Productize Revolutionary Applications,2024-09-13 13:10:53,11,Dr.Crystal Cline,2024,307
MATH-305_Class_3,Visualize Ubiquitous Partnerships,2024-12-17 12:27:14,98,Dr.Jeremiah Moss,2024,322
MATH-542_Class_3,Enhance Turn-Key Systems,2024-11-14 16:27:42,15,Dr.Jennifer Jones,2024,326
MATH-493_Class_3,Transition End-To-End Relationships,2024-12-05 15:51:45,7,Dr.Angela Paul,2024,327
MATH-819_Class_3,Expedite Synergistic Niches,2024-08-29 12:51:35,57,Dr.Kristen Miller,2024,330
MATH-180_Class_3,Aggregate Global E-Commerce,2024-11-27 09:04:02,63,Dr.Stephen Meyer,2024,332
MATH-218_Class_3,Transition Bricks-And-Clicks Interfaces,2024-09-16 13:20:54,84,Dr.Crystal Zhang,2024,338
MATH-703_Class_1,Target World-Class Interfaces,2024-09-03 08:31:59,66,Dr.Melissa Ross,2024,294
MATH-211_Class_1,Transform Magnetic Systems,2024-12-02 10:48:33,40,Dr.Brian Martin,2024,295
MATH-404_Class_1,Visualize Granular Web-Readiness,2024-10-04 12:26:15,10,Dr.Roberta Anderson,2024,300
MATH-457_Class_1,Productize Revolutionary Applications,2024-10-04 13:01:55,18,Dr.Crystal Cline,2024,307
MATH-305_Class_1,Visualize Ubiquitous Partnerships,2024-09-10 15:17:06,24,Dr.Jeremiah Moss,2024,322
MATH-542_Class_1,Enhance Turn-Key Systems,2024-10-10 10:47:50,52,Dr.Jennifer Jones,2024,326
MATH-493_Class_1,Transition End-To-End Relationships,2024-09-23 13:24:43,100,Dr.Angela Paul,2024,327
MATH-819_Class_1,Expedite Synergistic Niches,2024-11-14 16:14:17,76,Dr.Kristen Miller,2024,330
MATH-180_Class_1,Aggregate Global E-Commerce,2024-10-01 14:03:06,5,Dr.Stephen Meyer,2024,332
MATH-218_Class_1,Transition Bricks-And-Clicks Interfaces,2024-08-23 12:54:30,63,Dr.Crystal Zhang,2024,338
MATH-237_Class_1,Evolve World-Class Paradigms,2024-10-09 15:07:34,33,Dr.Stephanie Day,2024,339
MATH-234_Class_1,Matrix Magnetic Convergence,2024-09-30 12:55:11,4,Dr.Michael Davidson,2024,348
MATH-889_Class_1,Facilitate Impactful Vortals,2024-08-16 14:58:04,6,Dr.Joshua Meyer,2024,350
MATH-681_Class_1,Innovate Impactful Users,2024-08-12 13:18:38,12,Dr.Clinton Perez,2024,360
MATH-655_Class_1,Strategize Virtual Networks,2024-10-28 15:54:55,70,Dr.Chris Hull,2024,366
MATH-832_Class_1,Productize Value-Added E-Tailers,2024-08-22 08:18:01,44,Dr.George Harvey,2024,367
MATH-717_Class_1,Engage Back-End Portals,2024-09-12 08:14:03,38,Dr.Megan French,2024,368
MATH-827_Class_1,Orchestrate Efficient Platforms,2024-10-30 14:52:50,4,Dr.Katherine Curry,2024,371
MATH-645_Class_1,Disintermediate B2B Web Services,2024-10-07 10:13:01,40,Dr.Joseph James,2024,373
MATH-955_Class_1,Grow Customized Networks,2024-09-26 10:49:52,84,Dr.Brent Scott,2024,374
MATH-237_Class_3,Evolve World-Class Paradigms,2024-08-26 11:55:48,88,Dr.Stephanie Day,2024,339
MATH-234_Class_3,Matrix Magnetic Convergence,2024-09-06 10:31:24,81,Dr.Michael Davidson,2024,348
MATH-889_Class_3,Facilitate Impactful Vortals,2024-10-24 13:43:40,59,Dr.Joshua Meyer,2024,350
MATH-681_Class_3,Innovate Impactful Users,2024-12-25 08:10:47,6,Dr.Clinton Perez,2024,360
MATH-655_Class_3,Strategize Virtual Networks,2024-10-04 13:00:06,22,Dr.Chris Hull,2024,366
MATH-832_Class_3,Productize Value-Added E-Tailers,2024-10-16 15:42:35,44,Dr.George Harvey,2024,367
MATH-717_Class_3,Engage Back-End Portals,2024-10-24 15:52:18,52,Dr.Megan French,2024,368
MATH-827_Class_3,Orchestrate Efficient Platforms,2024-12-31 08:55:16,12,Dr.Katherine Curry,2024,371
MATH-645_Class_3,Disintermediate B2B Web Services,2024-11-29 14:53:30,93,Dr.Joseph James,2024,373
MATH-955_Class_3,Grow Customized Networks,2024-12-16 15:53:50,95,Dr.Brent Scott,2024,374
MATH-237_Class_2,Evolve World-Class Paradigms,2024-09-18 14:09:51,56,Dr.Stephanie Day,2024,339
MATH-234_Class_2,Matrix Magnetic Convergence,2024-09-20 11:41:46,24,Dr.Michael Davidson,2024,348
MATH-889_Class_2,Facilitate Impactful Vortals,2024-08-20 14:09:19,62,Dr.Joshua Meyer,2024,350
MATH-681_Class_2,Innovate Impactful Users,2024-11-15 14:36:39,61,Dr.Clinton Perez,2024,360
MATH-655_Class_2,Strategize Virtual Networks,2024-12-24 15:57:33,75,Dr.Chris Hull,2024,366
MATH-832_Class_2,Productize Value-Added E-Tailers,2024-12-24 13:29:09,37,Dr.George Harvey,2024,367
MATH-717_Class_2,Engage Back-End Portals,2024-09-16 12:16:36,55,Dr.Megan French,2024,368
MATH-827_Class_2,Orchestrate Efficient Platforms,2024-09-20 16:29:18,47,Dr.Katherine Curry,2024,371
MATH-645_Class_2,Disintermediate B2B Web Services,2024-12-16 16:32:00,93,Dr.Joseph James,2024,373
MATH-955_Class_2,Grow Customized Networks,2024-12-27 11:40:09,3,Dr.Brent Scott,2024,374
MATH-852_Class_1,Integrate Vertical Methodologies,2024-08-21 10:08:51,67,Dr.Ashley James,2024,377
MATH-492_Class_1,Leverage Intuitive Info-Mediaries,2024-12-13 10:19:08,83,Dr.Hector West,2024,382
MATH-317_Class_1,Incentivize Transparent Models,2024-12-17 16:05:33,86,Dr.Lisa Flores,2024,384
MATH-759_Class_1,Maximize Efficient Schemas,2024-08-13 15:41:03,59,Dr.Sue Estrada,2024,386
MATH-345_Class_1,Aggregate Integrated Architectures,2024-09-27 10:11:56,22,Dr.Victoria Simmons,2024,393
MATH-514_Class_1,Scale Visionary Functionalities,2024-12-23 11:52:12,23,Dr.Casey Vasquez,2024,396
MATH-128_Class_1,Scale Clicks-And-Mortar Vortals,2024-09-24 16:57:53,61,Dr.Crystal Porter,2024,398
MATH-408_Class_1,Enhance 24/365 E-Markets,2024-10-15 08:24:54,18,Dr.Sherry Braun,2024,400
MATH-780_Class_1,Disintermediate Web-Enabled Users,2024-11-12 15:40:40,32,Dr.Angela Murphy,2024,403
MATH-852_Class_3,Integrate Vertical Methodologies,2024-12-23 09:18:53,30,Dr.Ashley James,2024,377
MATH-492_Class_3,Leverage Intuitive Info-Mediaries,2024-12-12 14:55:07,46,Dr.Hector West,2024,382
MATH-317_Class_3,Incentivize Transparent Models,2024-09-04 15:31:48,1,Dr.Lisa Flores,2024,384
MATH-759_Class_3,Maximize Efficient Schemas,2024-12-24 16:23:23,32,Dr.Sue Estrada,2024,386
MATH-345_Class_3,Aggregate Integrated Architectures,2024-12-11 10:09:13,52,Dr.Victoria Simmons,2024,393
MATH-514_Class_3,Scale Visionary Functionalities,2024-12-31 15:22:24,83,Dr.Casey Vasquez,2024,396
MATH-128_Class_3,Scale Clicks-And-Mortar Vortals,2024-11-01 08:22:00,19,Dr.Crystal Porter,2024,398
MATH-408_Class_3,Enhance 24/365 E-Markets,2024-09-19 15:17:17,13,Dr.Sherry Braun,2024,400
MATH-780_Class_3,Disintermediate Web-Enabled Users,2024-09-26 10:06:49,27,Dr.Angela Murphy,2024,403
MATH-852_Class_2,Integrate Vertical Methodologies,2024-10-08 12:03:31,53,Dr.Ashley James,2024,377
MATH-492_Class_2,Leverage Intuitive Info-Mediaries,2024-11-07 09:26:58,90,Dr.Hector West,2024,382
MATH-317_Class_2,Incentivize Transparent Models,2024-10-07 12:24:29,77,Dr.Lisa Flores,2024,384
MATH-759_Class_2,Maximize Efficient Schemas,2024-09-10 08:41:42,53,Dr.Sue Estrada,2024,386
MATH-345_Class_2,Aggregate Integrated Architectures,2024-10-11 14:55:49,38,Dr.Victoria Simmons,2024,393
MATH-514_Class_2,Scale Visionary Functionalities,2024-09-19 10:56:22,20,Dr.Casey Vasquez,2024,396
MATH-128_Class_2,Scale Clicks-And-Mortar Vortals,2024-09-16 10:32:41,61,Dr.Crystal Porter,2024,398
MATH-408_Class_2,Enhance 24/365 E-Markets,2024-09-03 12:23:07,96,Dr.Sherry Braun,2024,400
MATH-780_Class_2,Disintermediate Web-Enabled Users,2024-10-31 14:21:57,45,Dr.Angela Murphy,2024,403
MATH-267_Class_3,Facilitate Collaborative Architectures,2024-10-10 08:25:23,5,Dr.Krista Allison,2024,404
MATH-252_Class_3,Leverage User-Centric Metrics,2024-08-26 12:26:57,36,Dr.Kimberly Zuniga,2024,415
MATH-175_Class_3,Revolutionize Enterprise Markets,2024-09-26 13:45:13,49,Dr.Gerald Oneill,2024,417
MATH-183_Class_3,Optimize Cross-Media Methodologies,2024-12-31 10:46:58,70,Dr.Allison Martinez,2024,420
MATH-689_Class_3,Redefine Back-End Users,2024-10-04 09:40:51,29,Dr.Alan Flores,2024,421
MATH-601_Class_3,Incubate Frictionless Architectures,2024-10-28 10:21:14,72,Dr.Elizabeth Walker,2024,430
MATH-775_Class_3,Deploy Global Action-Items,2024-12-27 08:00:55,77,Dr.Tamara Henry,2024,439
MATH-647_Class_3,Deploy Dynamic Technologies,2024-12-16 15:51:00,8,Dr.Michelle Lopez,2024,447
MATH-144_Class_3,Incubate Value-Added Functionalities,2024-09-10 09:20:27,92,Dr.Lisa Wright,2024,448
MATH-455_Class_3,Deploy 24/7 Vortals,2024-09-13 08:53:32,38,Dr.Catherine Higgins,2024,451
MATH-267_Class_2,Facilitate Collaborative Architectures,2024-08-12 11:24:03,97,Dr.Krista Allison,2024,404
MATH-252_Class_2,Leverage User-Centric Metrics,2024-12-06 14:21:47,95,Dr.Kimberly Zuniga,2024,415
MATH-175_Class_2,Revolutionize Enterprise Markets,2024-08-26 13:09:16,46,Dr.Gerald Oneill,2024,417
MATH-183_Class_2,Optimize Cross-Media Methodologies,2024-12-02 09:57:10,61,Dr.Allison Martinez,2024,420
MATH-689_Class_2,Redefine Back-End Users,2024-12-12 14:59:49,98,Dr.Alan Flores,2024,421
MATH-601_Class_2,Incubate Frictionless Architectures,2024-11-11 08:36:44,80,Dr.Elizabeth Walker,2024,430
MATH-775_Class_2,Deploy Global Action-Items,2024-09-17 13:48:04,27,Dr.Tamara Henry,2024,439
MATH-647_Class_2,Deploy Dynamic Technologies,2024-12-23 16:33:48,43,Dr.Michelle Lopez,2024,447
MATH-144_Class_2,Incubate Value-Added Functionalities,2024-09-18 09:02:31,26,Dr.Lisa Wright,2024,448
MATH-455_Class_2,Deploy 24/7 Vortals,2024-09-12 09:08:22,38,Dr.Catherine Higgins,2024,451
MATH-267_Class_1,Facilitate Collaborative Architectures,2024-11-27 15:58:56,63,Dr.Krista Allison,2024,404
MATH-252_Class_1,Leverage User-Centric Metrics,2024-10-22 16:26:33,33,Dr.Kimberly Zuniga,2024,415
MATH-175_Class_1,Revolutionize Enterprise Markets,2024-08-12 14:34:32,99,Dr.Gerald Oneill,2024,417
MATH-183_Class_1,Optimize Cross-Media Methodologies,2024-12-17 10:35:31,26,Dr.Allison Martinez,2024,420
MATH-689_Class_1,Redefine Back-End Users,2024-11-13 13:42:15,20,Dr.Alan Flores,2024,421
MATH-601_Class_1,Incubate Frictionless Architectures,2024-09-26 11:07:24,20,Dr.Elizabeth Walker,2024,430
MATH-775_Class_1,Deploy Global Action-Items,2024-08-16 08:31:25,60,Dr.Tamara Henry,2024,439
MATH-647_Class_1,Deploy Dynamic Technologies,2024-11-01 14:49:21,43,Dr.Michelle Lopez,2024,447
MATH-144_Class_1,Incubate Value-Added Functionalities,2024-12-16 11:09:55,74,Dr.Lisa Wright,2024,448
MATH-455_Class_1,Deploy 24/7 Vortals,2024-09-18 12:01:00,15,Dr.Catherine Higgins,2024,451
MATH-307_Class_2,Repurpose Clicks-And-Mortar E-Tailers,2024-11-27 14:46:06,54,Dr.Christopher Lewis,2024,456
MATH-951_Class_2,Integrate Cross-Platform Functionalities,2024-09-03 12:14:59,14,Dr.Erin King,2024,459
MATH-365_Class_2,Grow World-Class Architectures,2024-08-13 12:27:04,54,Dr.Anthony Brown,2024,472
MATH-844_Class_2,Synergize Extensible Portals,2024-12-26 10:31:14,89,Dr.Jason Torres,2024,475
MATH-390_Class_2,Harness Global Networks,2024-12-24 12:16:03,66,Dr.Kevin Reilly,2024,493
MATH-636_Class_2,Harness Open-Source Functionalities,2024-09-19 08:42:27,56,Dr.Chad Coleman,2024,514
MATH-107_Class_2,Re-Intermediate End-To-End Deliverables,2024-12-02 12:28:40,77,Dr.Denise Mullen,2024,515
MATH-830_Class_2,Engineer Front-End Communities,2024-10-25 10:36:47,15,Dr.Jesse Lee,2024,517
MATH-307_Class_1,Repurpose Clicks-And-Mortar E-Tailers,2024-09-09 12:59:41,83,Dr.Christopher Lewis,2024,456
MATH-951_Class_1,Integrate Cross-Platform Functionalities,2024-11-28 16:46:48,13,Dr.Erin King,2024,459
MATH-365_Class_1,Grow World-Class Architectures,2024-09-11 12:03:24,48,Dr.Anthony Brown,2024,472
MATH-844_Class_1,Synergize Extensible Portals,2024-11-05 16:31:04,89,Dr.Jason Torres,2024,475
MATH-390_Class_1,Harness Global Networks,2024-11-19 10:24:53,57,Dr.Kevin Reilly,2024,493
MATH-636_Class_1,Harness Open-Source Functionalities,2024-12-13 16:55:25,70,Dr.Chad Coleman,2024,514
MATH-107_Class_1,Re-Intermediate End-To-End Deliverables,2024-09-16 14:36:11,67,Dr.Denise Mullen,2024,515
MATH-830_Class_1,Engineer Front-End Communities,2024-12-27 11:17:41,57,Dr.Jesse Lee,2024,517
MATH-307_Class_3,Repurpose Clicks-And-Mortar E-Tailers,2024-12-26 15:10:20,78,Dr.Christopher Lewis,2024,456
MATH-951_Class_3,Integrate Cross-Platform Functionalities,2024-08-15 12:32:23,95,Dr.Erin King,2024,459
MATH-365_Class_3,Grow World-Class Architectures,2024-08-27 14:13:58,64,Dr.Anthony Brown,2024,472
MATH-844_Class_3,Synergize Extensible Portals,2024-11-27 16:10:00,45,Dr.Jason Torres,2024,475
MATH-390_Class_3,Harness Global Networks,2024-12-25 12:42:56,7,Dr.Kevin Reilly,2024,493
MATH-636_Class_3,Harness Open-Source Functionalities,2024-08-20 11:42:54,17,Dr.Chad Coleman,2024,514
MATH-107_Class_3,Re-Intermediate End-To-End Deliverables,2024-12-31 14:23:24,39,Dr.Denise Mullen,2024,515
MATH-830_Class_3,Engineer Front-End Communities,2024-10-17 12:05:10,75,Dr.Jesse Lee,2024,517
